complaint_id,date,location_zone,complaint_type,payment_method,transaction_amount,withdrawal_zone,hour,day_of_week,month
1,2025-04-13,Zone_B,Card_Fraud,Credit_Card,22664,Zone_B,10,6,4
2,2025-12-15,Zone_G,Phishing,UPI,36095,Zone_A,2,0,12
3,2025-09-28,Zone_E,Online_Shopping_Fraud,Net_Banking,30757,Zone_B,0,6,9
4,2025-04-17,Zone_E,Investment_Fraud,Wallet,14711,Zone_H,5,3,4
5,2025-03-13,Zone_F,Phishing,Wallet,96489,Zone_A,17,3,3
6,2025-07-08,Zone_E,Investment_Fraud,Wallet,5732,Zone_B,23,1,7
7,2025-01-21,Zone_A,Investment_Fraud,Debit_Card,68253,Zone_H,9,1,1
8,2025-04-13,Zone_F,UPI_Fraud,UPI,53191,Zone_D,4,6,4
9,2025-05-02,Zone_F,Phishing,Net_Banking,90265,Zone_G,22,4,5
10,2025-08-03,Zone_D,Phishing,Debit_Card,80268,Zone_D,9,6,8
11,2025-11-27,Zone_E,Investment_Fraud,Credit_Card,26113,Zone_B,11,3,11
12,2025-03-29,Zone_G,Online_Shopping_Fraud,Net_Banking,14526,Zone_A,1,5,3
13,2025-04-10,Zone_F,UPI_Fraud,Net_Banking,54035,Zone_C,12,3,4
14,2025-12-26,Zone_H,Investment_Fraud,Net_Banking,94590,Zone_D,7,4,12
15,2025-06-01,Zone_G,Card_Fraud,Wallet,31408,Zone_D,1,6,6
16,2025-05-11,Zone_A,Card_Fraud,Net_Banking,52613,Zone_H,19,6,5
17,2025-05-30,Zone_D,UPI_Fraud,UPI,20110,Zone_F,0,4,5
18,2025-11-05,Zone_B,Online_Shopping_Fraud,Net_Banking,47146,Zone_C,4,2,11
19,2025-09-15,Zone_G,Investment_Fraud,Wallet,63685,Zone_B,8,0,9
20,2025-12-10,Zone_F,Phishing,Net_Banking,73067,Zone_G,16,2,12
21,2025-10-21,Zone_A,UPI_Fraud,Credit_Card,48074,Zone_A,8,1,10
22,2025-07-11,Zone_C,Online_Shopping_Fraud,Credit_Card,91551,Zone_F,10,4,7
23,2025-10-04,Zone_A,Phishing,Wallet,36682,Zone_B,14,5,10
24,2025-06-10,Zone_A,Card_Fraud,UPI,1070,Zone_E,23,1,6
25,2025-11-10,Zone_D,Card_Fraud,UPI,98290,Zone_G,5,0,11
26,2025-01-22,Zone_B,Phishing,Debit_Card,19788,Zone_D,22,2,1
27,2025-09-10,Zone_C,UPI_Fraud,Wallet,79324,Zone_E,2,2,9
28,2025-08-24,Zone_E,Card_Fraud,Net_Banking,30377,Zone_D,16,6,8
29,2025-12-11,Zone_E,Investment_Fraud,Wallet,84925,Zone_D,4,3,12
30,2025-02-18,Zone_G,Phishing,Debit_Card,1417,Zone_E,11,1,2
31,2025-02-28,Zone_A,Phishing,Wallet,76102,Zone_G,17,4,2
32,2025-06-19,Zone_H,Card_Fraud,Wallet,95540,Zone_H,13,3,6
33,2025-07-07,Zone_D,UPI_Fraud,Debit_Card,65075,Zone_E,20,0,7
34,2025-09-28,Zone_H,Investment_Fraud,UPI,73018,Zone_B,23,6,9
35,2025-07-09,Zone_D,UPI_Fraud,Net_Banking,39604,Zone_F,10,2,7
36,2025-06-24,Zone_E,Online_Shopping_Fraud,Debit_Card,18562,Zone_F,8,1,6
37,2025-02-20,Zone_G,Online_Shopping_Fraud,Credit_Card,17499,Zone_E,1,3,2
38,2025-12-30,Zone_G,Card_Fraud,UPI,62345,Zone_B,11,1,12
39,2025-02-24,Zone_G,Card_Fraud,Credit_Card,10441,Zone_H,2,0,2
40,2025-09-01,Zone_C,Card_Fraud,UPI,61669,Zone_F,2,0,9
41,2025-11-16,Zone_B,Online_Shopping_Fraud,Net_Banking,23970,Zone_B,0,6,11
42,2025-05-11,Zone_C,UPI_Fraud,Net_Banking,60321,Zone_H,7,6,5
43,2025-11-03,Zone_F,UPI_Fraud,Wallet,87169,Zone_B,21,0,11
44,2025-05-15,Zone_F,Card_Fraud,Credit_Card,44935,Zone_D,7,3,5
45,2025-01-21,Zone_H,Investment_Fraud,UPI,5029,Zone_F,10,1,1
46,2025-11-25,Zone_B,UPI_Fraud,Net_Banking,83555,Zone_H,8,1,11
47,2025-06-16,Zone_E,Online_Shopping_Fraud,Debit_Card,12692,Zone_F,4,0,6
48,2025-10-01,Zone_B,Phishing,Net_Banking,74602,Zone_D,13,2,10
49,2025-03-30,Zone_D,Phishing,Debit_Card,73262,Zone_E,2,6,3
50,2025-11-12,Zone_F,Phishing,UPI,87295,Zone_D,20,2,11
51,2025-01-14,Zone_A,Investment_Fraud,Net_Banking,34587,Zone_F,4,1,1
52,2025-08-30,Zone_A,Card_Fraud,Net_Banking,67177,Zone_F,4,5,8
53,2025-09-22,Zone_E,Online_Shopping_Fraud,UPI,5127,Zone_G,18,0,9
54,2025-12-12,Zone_D,Investment_Fraud,Net_Banking,57041,Zone_H,13,4,12
55,2025-02-22,Zone_H,Online_Shopping_Fraud,Debit_Card,68726,Zone_E,3,5,2
56,2025-12-06,Zone_C,Online_Shopping_Fraud,Net_Banking,3755,Zone_D,12,5,12
57,2025-04-02,Zone_D,Card_Fraud,Credit_Card,57933,Zone_H,9,2,4
58,2025-09-21,Zone_A,Phishing,Wallet,5713,Zone_A,17,6,9
59,2025-02-04,Zone_A,Card_Fraud,Debit_Card,19904,Zone_H,7,1,2
60,2025-07-25,Zone_H,Investment_Fraud,Credit_Card,25880,Zone_A,7,4,7
61,2025-03-22,Zone_F,Investment_Fraud,UPI,91556,Zone_E,6,5,3
62,2025-02-19,Zone_D,Investment_Fraud,Debit_Card,19673,Zone_D,7,2,2
63,2025-12-26,Zone_D,Card_Fraud,Wallet,53527,Zone_D,13,4,12
64,2025-01-02,Zone_A,Online_Shopping_Fraud,Wallet,24489,Zone_B,18,3,1
65,2025-02-23,Zone_C,Online_Shopping_Fraud,UPI,25019,Zone_F,5,6,2
66,2025-04-16,Zone_E,UPI_Fraud,UPI,22939,Zone_C,0,2,4
67,2025-09-17,Zone_G,Investment_Fraud,Debit_Card,77449,Zone_G,22,2,9
68,2025-11-06,Zone_E,Online_Shopping_Fraud,Net_Banking,15495,Zone_H,14,3,11
69,2025-07-10,Zone_D,UPI_Fraud,UPI,24059,Zone_E,0,3,7
70,2025-08-06,Zone_E,Online_Shopping_Fraud,Net_Banking,89549,Zone_C,16,2,8
71,2025-02-13,Zone_A,Investment_Fraud,Credit_Card,5521,Zone_H,0,3,2
72,2025-06-11,Zone_A,Phishing,Wallet,98500,Zone_C,14,2,6
73,2025-07-21,Zone_H,Investment_Fraud,Net_Banking,21619,Zone_E,22,0,7
74,2025-09-27,Zone_D,Card_Fraud,Wallet,52039,Zone_D,1,5,9
75,2025-12-17,Zone_H,Online_Shopping_Fraud,Net_Banking,95335,Zone_E,13,2,12
76,2025-10-31,Zone_D,Online_Shopping_Fraud,Credit_Card,39850,Zone_H,20,4,10
77,2025-09-28,Zone_G,Card_Fraud,UPI,46723,Zone_C,7,6,9
78,2025-08-03,Zone_G,Card_Fraud,Credit_Card,26017,Zone_F,7,6,8
79,2025-09-09,Zone_F,Phishing,UPI,79153,Zone_G,18,1,9
80,2025-07-09,Zone_D,Online_Shopping_Fraud,UPI,22750,Zone_G,6,2,7
81,2025-10-23,Zone_C,Online_Shopping_Fraud,Wallet,84986,Zone_F,18,3,10
82,2025-08-01,Zone_E,Phishing,Credit_Card,83395,Zone_F,5,4,8
83,2025-07-27,Zone_D,UPI_Fraud,Net_Banking,89632,Zone_D,5,6,7
84,2025-08-25,Zone_B,Phishing,Credit_Card,91566,Zone_H,2,0,8
85,2025-12-04,Zone_F,Investment_Fraud,Wallet,67298,Zone_A,6,3,12
86,2025-02-22,Zone_B,Online_Shopping_Fraud,UPI,54699,Zone_E,18,5,2
87,2025-10-07,Zone_A,Card_Fraud,Wallet,60046,Zone_G,7,1,10
88,2025-08-05,Zone_G,Investment_Fraud,Debit_Card,88651,Zone_F,9,1,8
89,2025-09-09,Zone_E,Online_Shopping_Fraud,Debit_Card,3827,Zone_E,19,1,9
90,2025-07-07,Zone_D,Phishing,Net_Banking,30268,Zone_G,14,0,7
91,2025-02-10,Zone_B,Investment_Fraud,Wallet,64918,Zone_F,14,0,2
92,2025-06-06,Zone_E,Online_Shopping_Fraud,Net_Banking,94886,Zone_H,0,4,6
93,2025-01-15,Zone_A,UPI_Fraud,Net_Banking,43288,Zone_G,19,2,1
94,2025-10-28,Zone_G,UPI_Fraud,Debit_Card,82884,Zone_D,6,1,10
95,2025-03-06,Zone_C,Card_Fraud,Net_Banking,47330,Zone_A,3,3,3
96,2025-12-11,Zone_F,Online_Shopping_Fraud,Debit_Card,52946,Zone_A,5,3,12
97,2025-11-23,Zone_E,UPI_Fraud,UPI,15660,Zone_F,0,6,11
98,2025-01-09,Zone_E,Phishing,Wallet,57083,Zone_G,4,3,1
99,2025-12-10,Zone_C,Online_Shopping_Fraud,Net_Banking,34498,Zone_D,22,2,12
100,2025-05-09,Zone_E,Phishing,Debit_Card,27730,Zone_B,0,4,5
101,2025-05-16,Zone_A,Phishing,Credit_Card,9576,Zone_E,3,4,5
102,2025-03-04,Zone_A,UPI_Fraud,Net_Banking,69841,Zone_E,21,1,3
103,2025-05-19,Zone_C,Online_Shopping_Fraud,UPI,31585,Zone_C,1,0,5
104,2025-03-22,Zone_F,Investment_Fraud,UPI,56071,Zone_D,9,5,3
105,2025-06-12,Zone_D,UPI_Fraud,Credit_Card,15215,Zone_G,4,3,6
106,2025-10-16,Zone_B,UPI_Fraud,Debit_Card,6250,Zone_H,9,3,10
107,2025-09-18,Zone_D,Online_Shopping_Fraud,Net_Banking,79268,Zone_H,0,3,9
108,2025-08-19,Zone_E,Online_Shopping_Fraud,Debit_Card,36403,Zone_C,21,1,8
109,2025-02-10,Zone_B,Phishing,UPI,72989,Zone_F,5,0,2
110,2025-01-28,Zone_H,Online_Shopping_Fraud,Debit_Card,32593,Zone_G,12,1,1
111,2025-05-15,Zone_C,Phishing,UPI,91536,Zone_C,14,3,5
112,2025-07-20,Zone_C,UPI_Fraud,Debit_Card,88454,Zone_A,3,6,7
113,2025-11-24,Zone_F,Card_Fraud,Credit_Card,34814,Zone_E,12,0,11
114,2025-09-25,Zone_B,Investment_Fraud,Wallet,48725,Zone_G,23,3,9
115,2025-02-02,Zone_A,UPI_Fraud,Credit_Card,88485,Zone_C,19,6,2
116,2025-02-17,Zone_B,Online_Shopping_Fraud,Credit_Card,83514,Zone_A,23,0,2
117,2025-03-03,Zone_E,Investment_Fraud,Wallet,35679,Zone_D,14,0,3
118,2025-08-04,Zone_A,Card_Fraud,Wallet,25838,Zone_C,7,0,8
119,2025-10-20,Zone_G,Card_Fraud,Net_Banking,92935,Zone_F,4,0,10
120,2025-04-09,Zone_G,Phishing,Net_Banking,70181,Zone_F,14,2,4
121,2025-06-21,Zone_H,Investment_Fraud,Credit_Card,32601,Zone_F,3,5,6
122,2025-12-26,Zone_G,Phishing,Credit_Card,3275,Zone_G,11,4,12
123,2025-08-02,Zone_C,UPI_Fraud,UPI,97683,Zone_H,12,5,8
124,2025-02-04,Zone_B,Investment_Fraud,UPI,46119,Zone_H,1,1,2
125,2025-08-15,Zone_G,UPI_Fraud,Net_Banking,46338,Zone_E,18,4,8
126,2025-04-11,Zone_D,Phishing,Net_Banking,20039,Zone_C,18,4,4
127,2025-05-11,Zone_F,Investment_Fraud,UPI,57624,Zone_D,3,6,5
128,2025-09-14,Zone_D,Phishing,UPI,65649,Zone_C,3,6,9
129,2025-01-05,Zone_G,Investment_Fraud,Debit_Card,27116,Zone_E,10,6,1
130,2025-08-06,Zone_H,Phishing,Debit_Card,80155,Zone_A,4,2,8
131,2025-09-12,Zone_F,Card_Fraud,UPI,91195,Zone_E,19,4,9
132,2025-12-25,Zone_E,Phishing,Debit_Card,55067,Zone_F,10,3,12
133,2025-10-10,Zone_D,Card_Fraud,Wallet,37599,Zone_G,9,4,10
134,2025-07-26,Zone_H,Phishing,Net_Banking,76331,Zone_A,7,5,7
135,2025-01-15,Zone_B,Investment_Fraud,Net_Banking,62299,Zone_G,5,2,1
136,2025-12-12,Zone_B,Investment_Fraud,UPI,90721,Zone_F,5,4,12
137,2025-02-11,Zone_D,Investment_Fraud,Credit_Card,25979,Zone_B,7,1,2
138,2025-06-28,Zone_G,Online_Shopping_Fraud,UPI,46672,Zone_E,22,5,6
139,2025-03-04,Zone_H,UPI_Fraud,Debit_Card,99665,Zone_E,14,1,3
140,2025-12-18,Zone_B,Investment_Fraud,Credit_Card,56363,Zone_D,13,3,12
141,2025-08-19,Zone_E,Card_Fraud,Debit_Card,42543,Zone_C,10,1,8
142,2025-08-29,Zone_A,Investment_Fraud,Wallet,83069,Zone_A,11,4,8
143,2025-02-21,Zone_G,Online_Shopping_Fraud,Debit_Card,15908,Zone_H,12,4,2
144,2025-04-06,Zone_H,Card_Fraud,Wallet,58480,Zone_G,7,6,4
145,2025-08-10,Zone_E,Online_Shopping_Fraud,Wallet,83456,Zone_A,17,6,8
146,2025-08-19,Zone_H,Card_Fraud,Debit_Card,16851,Zone_D,0,1,8
147,2025-08-25,Zone_F,Phishing,Debit_Card,4631,Zone_D,14,0,8
148,2025-05-23,Zone_E,UPI_Fraud,Wallet,45325,Zone_G,7,4,5
149,2025-06-20,Zone_G,UPI_Fraud,Credit_Card,11849,Zone_H,10,4,6
150,2025-01-29,Zone_F,Online_Shopping_Fraud,Wallet,61431,Zone_C,11,2,1
151,2025-02-05,Zone_G,UPI_Fraud,Net_Banking,44754,Zone_G,11,2,2
152,2025-01-13,Zone_B,Online_Shopping_Fraud,Wallet,38725,Zone_G,3,0,1
153,2025-06-09,Zone_A,Online_Shopping_Fraud,Credit_Card,12953,Zone_F,15,0,6
154,2025-11-23,Zone_G,Online_Shopping_Fraud,Net_Banking,19314,Zone_H,3,6,11
155,2025-07-06,Zone_G,UPI_Fraud,UPI,18763,Zone_C,4,6,7
156,2025-08-31,Zone_B,Online_Shopping_Fraud,UPI,78194,Zone_E,23,6,8
157,2025-03-27,Zone_C,UPI_Fraud,Credit_Card,16235,Zone_F,4,3,3
158,2025-10-11,Zone_B,Online_Shopping_Fraud,Wallet,16330,Zone_B,7,5,10
159,2025-03-07,Zone_F,Investment_Fraud,Debit_Card,48393,Zone_H,9,4,3
160,2025-06-19,Zone_B,Online_Shopping_Fraud,Credit_Card,45173,Zone_C,16,3,6
161,2025-02-14,Zone_B,Card_Fraud,Net_Banking,89962,Zone_D,8,4,2
162,2025-03-03,Zone_A,Online_Shopping_Fraud,Net_Banking,45566,Zone_F,21,0,3
163,2025-05-14,Zone_B,Phishing,UPI,3873,Zone_C,18,2,5
164,2025-10-11,Zone_H,Online_Shopping_Fraud,Net_Banking,10835,Zone_A,13,5,10
165,2025-01-28,Zone_G,Card_Fraud,Credit_Card,24241,Zone_G,7,1,1
166,2025-04-18,Zone_H,Card_Fraud,Net_Banking,11192,Zone_B,8,4,4
167,2025-02-13,Zone_A,UPI_Fraud,Credit_Card,47795,Zone_E,21,3,2
168,2025-12-06,Zone_D,Investment_Fraud,Debit_Card,46041,Zone_G,10,5,12
169,2025-10-13,Zone_C,Online_Shopping_Fraud,UPI,34557,Zone_A,22,0,10
170,2025-11-27,Zone_H,UPI_Fraud,Net_Banking,67483,Zone_A,0,3,11
171,2025-05-08,Zone_A,Investment_Fraud,Credit_Card,20083,Zone_B,13,3,5
172,2025-12-14,Zone_F,Online_Shopping_Fraud,Wallet,23265,Zone_E,4,6,12
173,2025-08-19,Zone_D,Phishing,UPI,59787,Zone_D,20,1,8
174,2025-07-09,Zone_A,Online_Shopping_Fraud,Debit_Card,24406,Zone_F,13,2,7
175,2025-08-13,Zone_A,Card_Fraud,Credit_Card,85603,Zone_H,3,2,8
176,2025-10-10,Zone_C,Card_Fraud,Debit_Card,80175,Zone_E,21,4,10
177,2025-05-01,Zone_G,Phishing,Debit_Card,47025,Zone_H,22,3,5
178,2025-04-26,Zone_H,UPI_Fraud,Net_Banking,38730,Zone_C,0,5,4
179,2025-08-21,Zone_F,Investment_Fraud,Net_Banking,20020,Zone_A,21,3,8
180,2025-09-16,Zone_E,Online_Shopping_Fraud,Credit_Card,85738,Zone_C,22,1,9
181,2025-12-25,Zone_H,Card_Fraud,Wallet,52434,Zone_D,18,3,12
182,2025-07-17,Zone_E,UPI_Fraud,Credit_Card,26066,Zone_C,7,3,7
183,2025-05-17,Zone_A,Phishing,Wallet,73693,Zone_E,14,5,5
184,2025-11-14,Zone_B,Card_Fraud,Debit_Card,30634,Zone_C,20,4,11
185,2025-06-14,Zone_F,Phishing,UPI,10845,Zone_D,14,5,6
186,2025-08-13,Zone_D,Online_Shopping_Fraud,Credit_Card,41685,Zone_D,8,2,8
187,2025-11-03,Zone_B,Investment_Fraud,Credit_Card,93449,Zone_D,20,0,11
188,2025-08-22,Zone_B,Card_Fraud,Wallet,71244,Zone_E,8,4,8
189,2025-06-21,Zone_H,Card_Fraud,Debit_Card,33955,Zone_D,9,5,6
190,2025-06-01,Zone_F,Online_Shopping_Fraud,Debit_Card,28518,Zone_A,19,6,6
191,2025-11-11,Zone_G,UPI_Fraud,Wallet,54719,Zone_G,20,1,11
192,2025-06-09,Zone_A,Investment_Fraud,Debit_Card,46491,Zone_D,8,0,6
193,2025-04-06,Zone_A,Card_Fraud,Net_Banking,74116,Zone_C,2,6,4
194,2025-08-21,Zone_A,Investment_Fraud,UPI,87938,Zone_F,19,3,8
195,2025-06-29,Zone_A,Card_Fraud,Credit_Card,9986,Zone_C,10,6,6
196,2025-04-23,Zone_H,Investment_Fraud,UPI,39362,Zone_F,5,2,4
197,2025-11-14,Zone_E,Phishing,Credit_Card,59370,Zone_C,1,4,11
198,2025-02-21,Zone_A,Card_Fraud,Net_Banking,87194,Zone_E,6,4,2
199,2025-09-25,Zone_E,Investment_Fraud,Debit_Card,44356,Zone_C,17,3,9
200,2025-10-22,Zone_E,UPI_Fraud,Wallet,86555,Zone_E,1,2,10
201,2025-04-23,Zone_G,Phishing,Net_Banking,31879,Zone_E,16,2,4
202,2025-04-11,Zone_A,Phishing,UPI,65229,Zone_D,10,4,4
203,2025-04-23,Zone_C,UPI_Fraud,Wallet,28878,Zone_A,11,2,4
204,2025-03-22,Zone_D,Investment_Fraud,Debit_Card,54853,Zone_F,18,5,3
205,2025-07-06,Zone_B,Online_Shopping_Fraud,Net_Banking,50496,Zone_D,21,6,7
206,2025-04-23,Zone_E,UPI_Fraud,Wallet,14531,Zone_D,23,2,4
207,2025-01-02,Zone_F,Investment_Fraud,Net_Banking,80572,Zone_G,6,3,1
208,2025-05-10,Zone_F,UPI_Fraud,Net_Banking,66482,Zone_E,19,5,5
209,2025-08-08,Zone_D,UPI_Fraud,Debit_Card,37183,Zone_E,5,4,8
210,2025-02-23,Zone_F,Card_Fraud,Credit_Card,18118,Zone_F,20,6,2
211,2025-12-09,Zone_C,Investment_Fraud,Wallet,7087,Zone_C,23,1,12
212,2025-08-12,Zone_F,Online_Shopping_Fraud,Debit_Card,63290,Zone_C,0,1,8
213,2025-08-13,Zone_B,Card_Fraud,Net_Banking,31980,Zone_H,16,2,8
214,2025-05-06,Zone_B,UPI_Fraud,Debit_Card,99030,Zone_D,10,1,5
215,2025-05-10,Zone_E,UPI_Fraud,Credit_Card,21027,Zone_H,21,5,5
216,2025-02-22,Zone_A,UPI_Fraud,Wallet,24069,Zone_B,17,5,2
217,2025-06-21,Zone_G,Investment_Fraud,Credit_Card,11651,Zone_B,20,5,6
218,2025-08-06,Zone_C,Investment_Fraud,UPI,71594,Zone_H,16,2,8
219,2025-06-09,Zone_E,Card_Fraud,Wallet,59674,Zone_C,6,0,6
220,2025-07-17,Zone_C,Online_Shopping_Fraud,Credit_Card,45239,Zone_B,16,3,7
221,2025-09-04,Zone_A,Card_Fraud,Net_Banking,33454,Zone_G,19,3,9
222,2025-11-20,Zone_H,Phishing,Wallet,35803,Zone_C,8,3,11
223,2025-07-22,Zone_F,UPI_Fraud,Wallet,35200,Zone_E,16,1,7
224,2025-07-03,Zone_F,UPI_Fraud,Debit_Card,93536,Zone_D,19,3,7
225,2025-05-03,Zone_G,UPI_Fraud,Net_Banking,68068,Zone_A,21,5,5
226,2025-09-12,Zone_A,Card_Fraud,UPI,67288,Zone_D,21,4,9
227,2025-10-21,Zone_E,Card_Fraud,Credit_Card,71545,Zone_H,7,1,10
228,2025-10-07,Zone_G,UPI_Fraud,Debit_Card,38342,Zone_C,16,1,10
229,2025-11-21,Zone_A,Card_Fraud,Credit_Card,14400,Zone_H,6,4,11
230,2025-04-08,Zone_D,Investment_Fraud,UPI,80559,Zone_G,0,1,4
231,2025-07-17,Zone_B,Investment_Fraud,UPI,2381,Zone_C,12,3,7
232,2025-08-28,Zone_G,Card_Fraud,Wallet,33537,Zone_D,22,3,8
233,2025-05-24,Zone_G,UPI_Fraud,UPI,2130,Zone_G,18,5,5
234,2025-04-07,Zone_E,Card_Fraud,Credit_Card,21289,Zone_G,23,0,4
235,2025-07-20,Zone_C,Card_Fraud,Net_Banking,88559,Zone_G,18,6,7
236,2025-05-04,Zone_D,Card_Fraud,Net_Banking,83994,Zone_F,16,6,5
237,2025-07-06,Zone_E,Phishing,Wallet,46651,Zone_C,12,6,7
238,2025-11-22,Zone_A,Investment_Fraud,Credit_Card,49420,Zone_B,15,5,11
239,2025-12-15,Zone_A,Online_Shopping_Fraud,Credit_Card,67731,Zone_B,7,0,12
240,2025-09-16,Zone_A,Online_Shopping_Fraud,UPI,80857,Zone_C,18,1,9
241,2025-05-28,Zone_H,Phishing,Credit_Card,3762,Zone_C,17,2,5
242,2025-09-09,Zone_A,Card_Fraud,Debit_Card,67481,Zone_F,0,1,9
243,2025-12-12,Zone_C,Phishing,UPI,82472,Zone_B,13,4,12
244,2025-05-27,Zone_D,Phishing,Debit_Card,75985,Zone_C,18,1,5
245,2025-05-28,Zone_F,UPI_Fraud,Wallet,55222,Zone_C,14,2,5
246,2025-12-18,Zone_B,Investment_Fraud,Net_Banking,89999,Zone_H,17,3,12
247,2025-07-18,Zone_C,Online_Shopping_Fraud,Wallet,51318,Zone_F,1,4,7
248,2025-11-04,Zone_C,Card_Fraud,Net_Banking,30432,Zone_F,21,1,11
249,2025-05-08,Zone_H,Online_Shopping_Fraud,Wallet,7401,Zone_D,16,3,5
250,2025-02-08,Zone_F,Online_Shopping_Fraud,Credit_Card,99523,Zone_F,17,5,2
251,2025-12-04,Zone_F,Investment_Fraud,Debit_Card,9097,Zone_A,5,3,12
252,2025-12-26,Zone_B,Online_Shopping_Fraud,Net_Banking,64409,Zone_B,18,4,12
253,2025-05-09,Zone_B,Online_Shopping_Fraud,UPI,72891,Zone_D,3,4,5
254,2025-09-24,Zone_F,Phishing,Debit_Card,84714,Zone_A,0,2,9
255,2025-05-31,Zone_A,Investment_Fraud,UPI,8763,Zone_C,7,5,5
256,2025-10-25,Zone_C,UPI_Fraud,Debit_Card,63793,Zone_H,22,5,10
257,2025-04-09,Zone_E,Card_Fraud,Debit_Card,26305,Zone_H,6,2,4
258,2025-09-20,Zone_B,Online_Shopping_Fraud,Wallet,92179,Zone_C,2,5,9
259,2025-09-09,Zone_H,Card_Fraud,Net_Banking,12374,Zone_D,9,1,9
260,2025-05-24,Zone_H,UPI_Fraud,Net_Banking,93565,Zone_F,9,5,5
261,2025-12-12,Zone_B,Card_Fraud,Debit_Card,86902,Zone_G,18,4,12
262,2025-04-22,Zone_F,UPI_Fraud,Credit_Card,14579,Zone_H,13,1,4
263,2025-03-01,Zone_D,Phishing,Credit_Card,50350,Zone_G,1,5,3
264,2025-01-02,Zone_E,Online_Shopping_Fraud,UPI,73279,Zone_C,0,3,1
265,2025-10-31,Zone_E,UPI_Fraud,UPI,95908,Zone_G,22,4,10
266,2025-09-11,Zone_B,Card_Fraud,Wallet,9518,Zone_E,22,3,9
267,2025-05-20,Zone_A,Online_Shopping_Fraud,Debit_Card,50000,Zone_D,17,1,5
268,2025-02-06,Zone_D,Phishing,UPI,12600,Zone_A,6,3,2
269,2025-06-09,Zone_E,Online_Shopping_Fraud,UPI,57521,Zone_D,7,0,6
270,2025-01-09,Zone_B,UPI_Fraud,Debit_Card,20300,Zone_B,0,3,1
271,2025-08-21,Zone_H,Phishing,Wallet,63900,Zone_F,22,3,8
272,2025-04-09,Zone_E,Card_Fraud,UPI,92946,Zone_F,2,2,4
273,2025-05-27,Zone_G,Phishing,Wallet,29937,Zone_D,23,1,5
274,2025-10-31,Zone_D,Phishing,Net_Banking,77037,Zone_C,22,4,10
275,2025-07-27,Zone_D,Investment_Fraud,Wallet,47175,Zone_C,7,6,7
276,2025-05-11,Zone_G,Phishing,Credit_Card,20442,Zone_E,21,6,5
277,2025-06-01,Zone_C,Phishing,Credit_Card,21362,Zone_E,14,6,6
278,2025-02-23,Zone_H,Online_Shopping_Fraud,Wallet,12169,Zone_F,4,6,2
279,2025-04-30,Zone_G,Card_Fraud,Credit_Card,54272,Zone_E,2,2,4
280,2025-06-10,Zone_F,Online_Shopping_Fraud,Net_Banking,16416,Zone_H,18,1,6
281,2025-04-26,Zone_F,Online_Shopping_Fraud,Debit_Card,11378,Zone_H,0,5,4
282,2025-03-16,Zone_B,UPI_Fraud,Credit_Card,3485,Zone_A,14,6,3
283,2025-04-23,Zone_D,Online_Shopping_Fraud,Credit_Card,98405,Zone_E,7,2,4
284,2025-04-14,Zone_C,Investment_Fraud,Wallet,74148,Zone_A,1,0,4
285,2025-12-06,Zone_C,Investment_Fraud,Net_Banking,41735,Zone_E,2,5,12
286,2025-09-11,Zone_E,UPI_Fraud,Debit_Card,19431,Zone_F,23,3,9
287,2025-08-15,Zone_E,Card_Fraud,Wallet,93376,Zone_F,13,4,8
288,2025-04-22,Zone_G,Card_Fraud,Wallet,836,Zone_A,23,1,4
289,2025-04-09,Zone_C,Online_Shopping_Fraud,Net_Banking,43433,Zone_D,13,2,4
290,2025-06-02,Zone_G,Online_Shopping_Fraud,Debit_Card,85399,Zone_F,10,0,6
291,2025-12-15,Zone_H,Online_Shopping_Fraud,Net_Banking,46036,Zone_D,15,0,12
292,2025-12-04,Zone_G,Card_Fraud,Debit_Card,70004,Zone_C,3,3,12
293,2025-07-13,Zone_E,Phishing,Net_Banking,99714,Zone_H,19,6,7
294,2025-11-06,Zone_D,Investment_Fraud,Wallet,51648,Zone_A,4,3,11
295,2025-06-12,Zone_G,Phishing,Wallet,16779,Zone_G,21,3,6
296,2025-07-27,Zone_A,Phishing,UPI,69165,Zone_F,20,6,7
297,2025-06-18,Zone_D,Card_Fraud,Credit_Card,71886,Zone_B,13,2,6
298,2025-06-10,Zone_C,Phishing,Net_Banking,86624,Zone_C,22,1,6
299,2025-03-09,Zone_C,UPI_Fraud,UPI,77985,Zone_D,15,6,3
300,2025-10-16,Zone_G,Online_Shopping_Fraud,Credit_Card,74555,Zone_F,17,3,10
301,2025-10-04,Zone_D,UPI_Fraud,Net_Banking,92411,Zone_A,6,5,10
302,2025-10-31,Zone_E,Investment_Fraud,Debit_Card,99118,Zone_G,9,4,10
303,2025-05-15,Zone_E,Online_Shopping_Fraud,Credit_Card,77773,Zone_E,6,3,5
304,2025-07-14,Zone_F,Phishing,Wallet,67170,Zone_G,0,0,7
305,2025-05-08,Zone_C,Investment_Fraud,UPI,76974,Zone_B,22,3,5
306,2025-02-02,Zone_B,Online_Shopping_Fraud,Credit_Card,54528,Zone_D,20,6,2
307,2025-06-25,Zone_F,Phishing,Credit_Card,90522,Zone_C,18,2,6
308,2025-01-22,Zone_E,UPI_Fraud,Wallet,92132,Zone_G,15,2,1
309,2025-08-26,Zone_D,Online_Shopping_Fraud,Net_Banking,71628,Zone_A,18,1,8
310,2025-06-07,Zone_H,Phishing,Debit_Card,18608,Zone_B,3,5,6
311,2025-02-07,Zone_E,UPI_Fraud,Wallet,52995,Zone_A,17,4,2
312,2025-08-18,Zone_D,Investment_Fraud,Debit_Card,83306,Zone_F,1,0,8
313,2025-12-31,Zone_F,Investment_Fraud,Net_Banking,93685,Zone_E,0,2,12
314,2025-02-20,Zone_C,Investment_Fraud,Credit_Card,77033,Zone_C,14,3,2
315,2025-09-21,Zone_E,Investment_Fraud,Debit_Card,99525,Zone_A,4,6,9
316,2025-10-10,Zone_G,Card_Fraud,UPI,57330,Zone_D,19,4,10
317,2025-01-27,Zone_D,Online_Shopping_Fraud,UPI,75140,Zone_F,10,0,1
318,2025-08-14,Zone_C,Online_Shopping_Fraud,Wallet,53009,Zone_F,9,3,8
319,2025-10-04,Zone_H,Card_Fraud,Net_Banking,66906,Zone_C,1,5,10
320,2025-10-13,Zone_H,Phishing,Wallet,94720,Zone_F,2,0,10
321,2025-04-07,Zone_B,Phishing,Wallet,40019,Zone_D,22,0,4
322,2025-10-11,Zone_D,Investment_Fraud,Wallet,50149,Zone_A,22,5,10
323,2025-11-13,Zone_F,UPI_Fraud,UPI,35024,Zone_C,11,3,11
324,2025-10-31,Zone_B,Phishing,UPI,96993,Zone_H,19,4,10
325,2025-05-27,Zone_B,UPI_Fraud,Wallet,34385,Zone_F,4,1,5
326,2025-01-04,Zone_A,Online_Shopping_Fraud,UPI,44869,Zone_F,4,5,1
327,2025-02-04,Zone_E,UPI_Fraud,Net_Banking,95902,Zone_D,5,1,2
328,2025-07-11,Zone_D,Online_Shopping_Fraud,Wallet,31176,Zone_E,8,4,7
329,2025-02-18,Zone_B,Card_Fraud,UPI,64593,Zone_E,1,1,2
330,2025-01-17,Zone_A,Card_Fraud,Debit_Card,48264,Zone_G,20,4,1
331,2025-06-21,Zone_F,Investment_Fraud,Wallet,51299,Zone_F,11,5,6
332,2025-08-08,Zone_C,Phishing,Wallet,79914,Zone_H,2,4,8
333,2025-06-07,Zone_G,Investment_Fraud,Net_Banking,93595,Zone_A,19,5,6
334,2025-02-15,Zone_G,Online_Shopping_Fraud,Credit_Card,72807,Zone_C,21,5,2
335,2025-01-06,Zone_D,Investment_Fraud,Credit_Card,82562,Zone_F,11,0,1
336,2025-04-09,Zone_B,UPI_Fraud,Net_Banking,95932,Zone_B,23,2,4
337,2025-08-21,Zone_G,Online_Shopping_Fraud,Net_Banking,32423,Zone_C,16,3,8
338,2025-02-06,Zone_E,Card_Fraud,Net_Banking,78888,Zone_G,9,3,2
339,2025-10-07,Zone_G,Phishing,Credit_Card,48074,Zone_E,23,1,10
340,2025-12-15,Zone_G,Online_Shopping_Fraud,Net_Banking,43891,Zone_H,13,0,12
341,2025-10-29,Zone_G,Online_Shopping_Fraud,UPI,54164,Zone_F,22,2,10
342,2025-06-30,Zone_H,UPI_Fraud,Wallet,67884,Zone_D,16,0,6
343,2025-04-05,Zone_A,Phishing,Wallet,31527,Zone_B,17,5,4
344,2025-04-09,Zone_B,Card_Fraud,Debit_Card,35964,Zone_F,18,2,4
345,2025-07-07,Zone_E,Online_Shopping_Fraud,Debit_Card,34985,Zone_H,16,0,7
346,2025-04-26,Zone_B,Online_Shopping_Fraud,Wallet,19956,Zone_G,13,5,4
347,2025-07-10,Zone_H,UPI_Fraud,UPI,75295,Zone_A,8,3,7
348,2025-09-10,Zone_D,Investment_Fraud,Credit_Card,36054,Zone_B,7,2,9
349,2025-06-10,Zone_D,Card_Fraud,Credit_Card,47422,Zone_G,1,1,6
350,2025-09-13,Zone_D,Phishing,UPI,13909,Zone_F,12,5,9
351,2025-11-19,Zone_F,Online_Shopping_Fraud,Credit_Card,69827,Zone_A,6,2,11
352,2025-05-08,Zone_G,Online_Shopping_Fraud,Net_Banking,91900,Zone_B,8,3,5
353,2025-01-18,Zone_F,Card_Fraud,Wallet,37139,Zone_A,21,5,1
354,2025-10-08,Zone_A,Investment_Fraud,Wallet,64127,Zone_A,21,2,10
355,2025-08-11,Zone_D,Online_Shopping_Fraud,UPI,83924,Zone_B,10,0,8
356,2025-02-23,Zone_H,Card_Fraud,Credit_Card,20192,Zone_B,13,6,2
357,2025-02-27,Zone_E,UPI_Fraud,Debit_Card,89537,Zone_A,3,3,2
358,2025-11-19,Zone_B,Investment_Fraud,Debit_Card,79340,Zone_G,12,2,11
359,2025-12-26,Zone_G,Phishing,Credit_Card,54700,Zone_H,1,4,12
360,2025-06-23,Zone_C,Online_Shopping_Fraud,Debit_Card,93563,Zone_E,22,0,6
361,2025-10-07,Zone_E,Card_Fraud,UPI,57915,Zone_B,4,1,10
362,2025-04-24,Zone_G,UPI_Fraud,UPI,18574,Zone_F,10,3,4
363,2025-10-15,Zone_F,Phishing,Credit_Card,16049,Zone_C,5,2,10
364,2025-12-08,Zone_F,Card_Fraud,Debit_Card,30463,Zone_D,17,0,12
365,2025-05-31,Zone_E,Card_Fraud,UPI,91956,Zone_A,20,5,5
366,2025-05-07,Zone_F,Phishing,UPI,96862,Zone_A,9,2,5
367,2025-06-04,Zone_D,UPI_Fraud,Net_Banking,52765,Zone_D,3,2,6
368,2025-09-30,Zone_A,UPI_Fraud,Net_Banking,16561,Zone_E,8,1,9
369,2025-04-14,Zone_B,Investment_Fraud,UPI,58726,Zone_D,5,0,4
370,2025-10-26,Zone_A,Online_Shopping_Fraud,Credit_Card,29310,Zone_B,1,6,10
371,2025-09-03,Zone_G,Phishing,Wallet,60506,Zone_D,16,2,9
372,2025-06-25,Zone_B,Phishing,Wallet,23300,Zone_A,4,2,6
373,2025-02-08,Zone_H,Phishing,UPI,75976,Zone_D,5,5,2
374,2025-06-19,Zone_B,UPI_Fraud,UPI,69960,Zone_C,11,3,6
375,2025-09-04,Zone_A,Online_Shopping_Fraud,UPI,58267,Zone_F,22,3,9
376,2025-01-26,Zone_E,Investment_Fraud,Credit_Card,28554,Zone_B,20,6,1
377,2025-12-21,Zone_B,Card_Fraud,Net_Banking,75819,Zone_D,9,6,12
378,2025-11-02,Zone_H,Card_Fraud,UPI,45897,Zone_A,21,6,11
379,2025-01-13,Zone_H,Phishing,UPI,13733,Zone_G,20,0,1
380,2025-11-12,Zone_H,Online_Shopping_Fraud,Debit_Card,90520,Zone_F,5,2,11
381,2025-11-09,Zone_A,UPI_Fraud,Credit_Card,25568,Zone_B,7,6,11
382,2025-02-05,Zone_B,Online_Shopping_Fraud,UPI,66227,Zone_A,1,2,2
383,2025-06-22,Zone_C,Online_Shopping_Fraud,Debit_Card,91110,Zone_E,11,6,6
384,2025-01-20,Zone_E,UPI_Fraud,Wallet,70953,Zone_C,12,0,1
385,2025-11-17,Zone_D,Phishing,UPI,26332,Zone_H,20,0,11
386,2025-09-21,Zone_B,Online_Shopping_Fraud,UPI,86742,Zone_E,6,6,9
387,2025-05-22,Zone_H,Card_Fraud,Debit_Card,14182,Zone_H,9,3,5
388,2025-05-23,Zone_C,UPI_Fraud,Credit_Card,92798,Zone_C,12,4,5
389,2025-04-02,Zone_D,Investment_Fraud,UPI,23883,Zone_D,16,2,4
390,2025-12-20,Zone_D,Phishing,Wallet,58660,Zone_B,20,5,12
391,2025-11-18,Zone_G,UPI_Fraud,UPI,93832,Zone_D,13,1,11
392,2025-10-15,Zone_B,Investment_Fraud,Wallet,24166,Zone_C,1,2,10
393,2025-08-03,Zone_A,Investment_Fraud,Net_Banking,59317,Zone_C,21,6,8
394,2025-12-08,Zone_B,Online_Shopping_Fraud,Net_Banking,91698,Zone_C,10,0,12
395,2025-02-20,Zone_C,Online_Shopping_Fraud,Wallet,35142,Zone_H,0,3,2
396,2025-06-02,Zone_D,Online_Shopping_Fraud,Credit_Card,42330,Zone_F,18,0,6
397,2025-07-05,Zone_B,UPI_Fraud,UPI,10734,Zone_A,20,5,7
398,2025-03-04,Zone_A,UPI_Fraud,UPI,58116,Zone_B,3,1,3
399,2025-07-09,Zone_G,Phishing,Net_Banking,9721,Zone_D,18,2,7
400,2025-05-05,Zone_B,Online_Shopping_Fraud,Wallet,11910,Zone_D,20,0,5
401,2025-05-30,Zone_E,Investment_Fraud,UPI,80555,Zone_E,10,4,5
402,2025-11-10,Zone_G,Card_Fraud,UPI,61913,Zone_H,7,0,11
403,2025-02-27,Zone_A,Phishing,Credit_Card,1551,Zone_C,10,3,2
404,2025-12-08,Zone_C,UPI_Fraud,Debit_Card,75801,Zone_G,3,0,12
405,2025-11-01,Zone_D,Phishing,Net_Banking,77418,Zone_C,16,5,11
406,2025-06-29,Zone_B,Phishing,Net_Banking,78616,Zone_C,6,6,6
407,2025-06-19,Zone_A,Phishing,Debit_Card,57063,Zone_G,7,3,6
408,2025-11-22,Zone_G,Phishing,UPI,98359,Zone_D,2,5,11
409,2025-09-28,Zone_E,Card_Fraud,Credit_Card,45257,Zone_E,21,6,9
410,2025-02-23,Zone_A,Online_Shopping_Fraud,Credit_Card,77975,Zone_A,1,6,2
411,2025-04-11,Zone_F,Investment_Fraud,Net_Banking,51757,Zone_G,22,4,4
412,2025-09-21,Zone_H,Phishing,Credit_Card,96000,Zone_H,14,6,9
413,2025-02-22,Zone_E,Phishing,Debit_Card,807,Zone_F,23,5,2
414,2025-03-01,Zone_G,Phishing,UPI,57389,Zone_B,21,5,3
415,2025-04-18,Zone_C,Online_Shopping_Fraud,Debit_Card,69395,Zone_H,21,4,4
416,2025-01-05,Zone_D,UPI_Fraud,Wallet,95684,Zone_G,4,6,1
417,2025-04-13,Zone_G,UPI_Fraud,Net_Banking,36444,Zone_A,23,6,4
418,2025-07-15,Zone_H,Card_Fraud,Credit_Card,38634,Zone_D,0,1,7
419,2025-09-19,Zone_C,UPI_Fraud,Wallet,27823,Zone_F,3,4,9
420,2025-12-31,Zone_B,Phishing,Credit_Card,72262,Zone_F,14,2,12
421,2025-12-16,Zone_A,Phishing,UPI,87725,Zone_F,19,1,12
422,2025-02-16,Zone_F,Phishing,UPI,97007,Zone_C,18,6,2
423,2025-12-21,Zone_E,Card_Fraud,UPI,26454,Zone_B,2,6,12
424,2025-11-07,Zone_E,Phishing,Credit_Card,55521,Zone_D,19,4,11
425,2025-11-04,Zone_A,UPI_Fraud,Wallet,90459,Zone_D,10,1,11
426,2025-05-24,Zone_F,Online_Shopping_Fraud,UPI,96427,Zone_F,16,5,5
427,2025-09-26,Zone_A,Online_Shopping_Fraud,Wallet,80366,Zone_D,12,4,9
428,2025-05-04,Zone_B,Investment_Fraud,Credit_Card,70927,Zone_B,10,6,5
429,2025-04-16,Zone_H,UPI_Fraud,Wallet,5492,Zone_B,1,2,4
430,2025-06-07,Zone_C,Phishing,Credit_Card,2461,Zone_E,8,5,6
431,2025-05-27,Zone_G,Online_Shopping_Fraud,Credit_Card,12997,Zone_G,1,1,5
432,2025-05-25,Zone_E,UPI_Fraud,Net_Banking,33051,Zone_G,20,6,5
433,2025-04-30,Zone_B,Online_Shopping_Fraud,Credit_Card,76884,Zone_E,8,2,4
434,2025-11-15,Zone_C,Phishing,Credit_Card,56255,Zone_A,8,5,11
435,2025-10-02,Zone_B,Online_Shopping_Fraud,Debit_Card,13755,Zone_G,7,3,10
436,2025-04-02,Zone_F,Investment_Fraud,UPI,5067,Zone_B,16,2,4
437,2025-02-27,Zone_E,Investment_Fraud,Net_Banking,49347,Zone_B,0,3,2
438,2025-12-12,Zone_G,Online_Shopping_Fraud,Net_Banking,48503,Zone_G,10,4,12
439,2025-08-17,Zone_A,UPI_Fraud,Net_Banking,20889,Zone_B,7,6,8
440,2025-04-27,Zone_A,UPI_Fraud,Debit_Card,45023,Zone_E,9,6,4
441,2025-11-14,Zone_C,UPI_Fraud,Credit_Card,62076,Zone_F,6,4,11
442,2025-10-06,Zone_G,Online_Shopping_Fraud,UPI,44419,Zone_F,2,0,10
443,2025-05-07,Zone_H,UPI_Fraud,Wallet,82603,Zone_D,2,2,5
444,2025-05-09,Zone_D,Phishing,Credit_Card,3858,Zone_H,17,4,5
445,2025-02-27,Zone_F,Investment_Fraud,Debit_Card,89035,Zone_H,4,3,2
446,2025-05-02,Zone_C,Phishing,Credit_Card,77024,Zone_F,11,4,5
447,2025-01-01,Zone_D,UPI_Fraud,Credit_Card,97557,Zone_C,11,2,1
448,2025-08-27,Zone_B,Phishing,Debit_Card,6198,Zone_E,18,2,8
449,2025-10-17,Zone_F,UPI_Fraud,Net_Banking,67309,Zone_B,5,4,10
450,2025-04-06,Zone_B,Online_Shopping_Fraud,Net_Banking,93579,Zone_G,1,6,4
451,2025-05-06,Zone_H,Phishing,UPI,56305,Zone_F,11,1,5
452,2025-04-28,Zone_G,Online_Shopping_Fraud,UPI,31849,Zone_E,18,0,4
453,2025-02-17,Zone_E,Online_Shopping_Fraud,Net_Banking,77277,Zone_F,4,0,2
454,2025-03-30,Zone_F,Card_Fraud,Wallet,50748,Zone_A,11,6,3
455,2025-08-25,Zone_D,UPI_Fraud,Credit_Card,75533,Zone_B,16,0,8
456,2025-09-29,Zone_H,Investment_Fraud,Wallet,98739,Zone_A,16,0,9
457,2025-07-08,Zone_E,UPI_Fraud,Credit_Card,44541,Zone_B,9,1,7
458,2025-07-11,Zone_A,Investment_Fraud,Net_Banking,32454,Zone_E,22,4,7
459,2025-03-10,Zone_D,UPI_Fraud,UPI,8502,Zone_D,16,0,3
460,2025-10-05,Zone_C,Online_Shopping_Fraud,UPI,70283,Zone_F,14,6,10
461,2025-12-15,Zone_A,Phishing,Wallet,87734,Zone_F,11,0,12
462,2025-09-04,Zone_H,Phishing,UPI,20238,Zone_C,15,3,9
463,2025-03-17,Zone_A,Card_Fraud,Net_Banking,11203,Zone_G,23,0,3
464,2025-06-03,Zone_C,Investment_Fraud,Wallet,49922,Zone_A,18,1,6
465,2025-05-24,Zone_F,Investment_Fraud,Credit_Card,83606,Zone_F,7,5,5
466,2025-03-27,Zone_A,Investment_Fraud,UPI,62399,Zone_E,20,3,3
467,2025-07-04,Zone_G,Online_Shopping_Fraud,Debit_Card,12892,Zone_D,16,4,7
468,2025-10-12,Zone_D,Investment_Fraud,UPI,45224,Zone_G,22,6,10
469,2025-08-08,Zone_E,Phishing,Credit_Card,32799,Zone_E,4,4,8
470,2025-03-10,Zone_A,Online_Shopping_Fraud,Wallet,16141,Zone_A,21,0,3
471,2025-02-16,Zone_D,UPI_Fraud,Credit_Card,80034,Zone_C,15,6,2
472,2025-04-04,Zone_B,Investment_Fraud,Debit_Card,6805,Zone_F,5,4,4
473,2025-08-26,Zone_D,Investment_Fraud,Net_Banking,98762,Zone_E,7,1,8
474,2025-07-23,Zone_E,UPI_Fraud,UPI,19282,Zone_G,17,2,7
475,2025-08-06,Zone_D,Investment_Fraud,Wallet,78757,Zone_B,11,2,8
476,2025-12-07,Zone_C,UPI_Fraud,Net_Banking,78463,Zone_D,14,6,12
477,2025-02-08,Zone_H,Online_Shopping_Fraud,Credit_Card,21066,Zone_G,8,5,2
478,2025-04-10,Zone_E,Phishing,Wallet,68266,Zone_E,12,3,4
479,2025-10-16,Zone_H,UPI_Fraud,Net_Banking,7011,Zone_D,14,3,10
480,2025-09-11,Zone_F,Card_Fraud,Wallet,26677,Zone_F,9,3,9
481,2025-08-10,Zone_H,UPI_Fraud,Debit_Card,5265,Zone_B,15,6,8
482,2025-12-23,Zone_B,Investment_Fraud,Debit_Card,20854,Zone_C,6,1,12
483,2025-01-23,Zone_C,Online_Shopping_Fraud,UPI,24429,Zone_G,16,3,1
484,2025-09-07,Zone_F,Online_Shopping_Fraud,UPI,29320,Zone_C,22,6,9
485,2025-01-10,Zone_D,UPI_Fraud,Debit_Card,30023,Zone_B,20,4,1
486,2025-09-03,Zone_E,Phishing,Wallet,71588,Zone_D,21,2,9
487,2025-11-21,Zone_B,Card_Fraud,Debit_Card,66663,Zone_F,6,4,11
488,2025-04-10,Zone_C,Online_Shopping_Fraud,UPI,78025,Zone_E,13,3,4
489,2025-10-17,Zone_F,Investment_Fraud,Debit_Card,14280,Zone_B,14,4,10
490,2025-06-29,Zone_F,Investment_Fraud,Debit_Card,7089,Zone_A,20,6,6
491,2025-08-11,Zone_B,Phishing,Wallet,35312,Zone_D,6,0,8
492,2025-09-07,Zone_G,Online_Shopping_Fraud,Net_Banking,94164,Zone_C,8,6,9
493,2025-05-27,Zone_D,UPI_Fraud,UPI,46439,Zone_G,18,1,5
494,2025-04-06,Zone_B,Investment_Fraud,Wallet,51993,Zone_B,15,6,4
495,2025-09-14,Zone_F,Phishing,Debit_Card,93826,Zone_C,7,6,9
496,2025-11-21,Zone_A,Online_Shopping_Fraud,Debit_Card,41453,Zone_D,17,4,11
497,2025-01-04,Zone_C,Online_Shopping_Fraud,Net_Banking,66285,Zone_C,22,5,1
498,2025-01-16,Zone_B,Online_Shopping_Fraud,UPI,19809,Zone_B,17,3,1
499,2025-10-07,Zone_G,Online_Shopping_Fraud,UPI,54695,Zone_D,19,1,10
500,2025-12-02,Zone_F,Online_Shopping_Fraud,Credit_Card,26401,Zone_A,6,1,12
501,2025-09-04,Zone_D,Investment_Fraud,UPI,24076,Zone_B,2,3,9
502,2025-09-15,Zone_H,Phishing,Net_Banking,32008,Zone_E,17,0,9
503,2025-06-09,Zone_F,Online_Shopping_Fraud,Credit_Card,75211,Zone_H,9,0,6
504,2025-12-06,Zone_D,Card_Fraud,Credit_Card,25964,Zone_F,6,5,12
505,2025-06-01,Zone_B,Card_Fraud,Debit_Card,60781,Zone_B,16,6,6
506,2025-06-27,Zone_D,Phishing,Debit_Card,16760,Zone_D,13,4,6
507,2025-06-12,Zone_E,UPI_Fraud,UPI,35940,Zone_G,23,3,6
508,2025-02-02,Zone_E,UPI_Fraud,Credit_Card,95582,Zone_F,2,6,2
509,2025-06-28,Zone_E,UPI_Fraud,Debit_Card,57183,Zone_B,11,5,6
510,2025-04-11,Zone_G,Card_Fraud,Net_Banking,41930,Zone_A,12,4,4
511,2025-09-25,Zone_G,UPI_Fraud,Debit_Card,2487,Zone_G,1,3,9
512,2025-11-19,Zone_A,Investment_Fraud,Debit_Card,25605,Zone_A,2,2,11
513,2025-03-06,Zone_G,Online_Shopping_Fraud,Credit_Card,78984,Zone_E,4,3,3
514,2025-06-17,Zone_H,Card_Fraud,Credit_Card,13526,Zone_G,10,1,6
515,2025-11-26,Zone_B,Phishing,Wallet,68809,Zone_C,7,2,11
516,2025-02-12,Zone_F,Phishing,Net_Banking,46427,Zone_H,22,2,2
517,2025-02-13,Zone_F,Online_Shopping_Fraud,Credit_Card,75914,Zone_G,22,3,2
518,2025-10-12,Zone_A,Card_Fraud,UPI,58035,Zone_F,11,6,10
519,2025-01-12,Zone_G,UPI_Fraud,Net_Banking,43446,Zone_G,6,6,1
520,2025-04-05,Zone_H,UPI_Fraud,Net_Banking,57061,Zone_D,14,5,4
521,2025-10-29,Zone_D,Investment_Fraud,Credit_Card,10877,Zone_H,23,2,10
522,2025-09-10,Zone_A,Investment_Fraud,Net_Banking,54092,Zone_D,16,2,9
523,2025-08-30,Zone_H,UPI_Fraud,Credit_Card,7847,Zone_C,3,5,8
524,2025-02-04,Zone_D,Phishing,Debit_Card,34276,Zone_G,21,1,2
525,2025-08-03,Zone_H,Phishing,Wallet,4283,Zone_A,12,6,8
526,2025-12-03,Zone_D,Investment_Fraud,Debit_Card,56298,Zone_A,17,2,12
527,2025-03-31,Zone_C,Online_Shopping_Fraud,Credit_Card,4798,Zone_B,0,0,3
528,2025-09-21,Zone_H,UPI_Fraud,Credit_Card,70704,Zone_E,15,6,9
529,2025-04-03,Zone_F,Investment_Fraud,Debit_Card,86707,Zone_F,12,3,4
530,2025-03-31,Zone_E,Investment_Fraud,UPI,55661,Zone_H,9,0,3
531,2025-04-25,Zone_G,UPI_Fraud,UPI,61152,Zone_E,11,4,4
532,2025-04-15,Zone_D,UPI_Fraud,UPI,34984,Zone_G,1,1,4
533,2025-07-15,Zone_C,Phishing,Credit_Card,99114,Zone_E,22,1,7
534,2025-11-10,Zone_H,Online_Shopping_Fraud,Net_Banking,21422,Zone_B,2,0,11
535,2025-04-24,Zone_F,Online_Shopping_Fraud,Credit_Card,34528,Zone_E,9,3,4
536,2025-03-16,Zone_E,UPI_Fraud,Net_Banking,20816,Zone_H,1,6,3
537,2025-08-05,Zone_D,Card_Fraud,Debit_Card,77496,Zone_C,22,1,8
538,2025-10-04,Zone_H,Investment_Fraud,Wallet,17468,Zone_B,12,5,10
539,2025-09-06,Zone_H,Investment_Fraud,Net_Banking,30766,Zone_C,12,5,9
540,2025-06-13,Zone_D,UPI_Fraud,UPI,96245,Zone_G,17,4,6
541,2025-12-23,Zone_A,Card_Fraud,Credit_Card,24500,Zone_B,2,1,12
542,2025-07-11,Zone_A,Phishing,Debit_Card,14511,Zone_G,6,4,7
543,2025-08-15,Zone_F,UPI_Fraud,UPI,3366,Zone_G,13,4,8
544,2025-06-26,Zone_E,UPI_Fraud,Debit_Card,6398,Zone_E,19,3,6
545,2025-04-09,Zone_D,Investment_Fraud,Wallet,18895,Zone_C,16,2,4
546,2025-02-05,Zone_F,UPI_Fraud,Credit_Card,39519,Zone_G,20,2,2
547,2025-04-06,Zone_F,UPI_Fraud,Credit_Card,4506,Zone_C,11,6,4
548,2025-06-01,Zone_B,UPI_Fraud,Wallet,34893,Zone_C,15,6,6
549,2025-05-31,Zone_H,Investment_Fraud,Credit_Card,11456,Zone_B,23,5,5
550,2025-07-09,Zone_G,Phishing,Net_Banking,50542,Zone_D,11,2,7
551,2025-08-12,Zone_H,Phishing,Debit_Card,96699,Zone_E,14,1,8
552,2025-02-06,Zone_A,UPI_Fraud,UPI,6578,Zone_G,9,3,2
553,2025-09-25,Zone_E,Investment_Fraud,Wallet,30131,Zone_C,6,3,9
554,2025-07-02,Zone_H,Phishing,Net_Banking,96176,Zone_F,19,2,7
555,2025-01-13,Zone_D,Phishing,UPI,63401,Zone_D,4,0,1
556,2025-10-06,Zone_F,Phishing,UPI,69997,Zone_G,0,0,10
557,2025-08-05,Zone_D,Investment_Fraud,Wallet,95313,Zone_F,16,1,8
558,2025-12-21,Zone_B,Investment_Fraud,Net_Banking,42074,Zone_E,2,6,12
559,2025-12-27,Zone_E,UPI_Fraud,UPI,31917,Zone_E,12,5,12
560,2025-10-13,Zone_F,Online_Shopping_Fraud,UPI,88520,Zone_C,13,0,10
561,2025-09-30,Zone_D,Phishing,Net_Banking,84139,Zone_C,23,1,9
562,2025-03-03,Zone_A,Online_Shopping_Fraud,Credit_Card,65506,Zone_H,17,0,3
563,2025-03-25,Zone_G,Investment_Fraud,UPI,95381,Zone_H,3,1,3
564,2025-08-05,Zone_B,Investment_Fraud,Debit_Card,39954,Zone_G,17,1,8
565,2025-12-08,Zone_E,Investment_Fraud,Net_Banking,2087,Zone_B,4,0,12
566,2025-07-06,Zone_B,Online_Shopping_Fraud,UPI,55210,Zone_D,15,6,7
567,2025-01-19,Zone_A,Investment_Fraud,Wallet,87067,Zone_G,0,6,1
568,2025-06-26,Zone_E,UPI_Fraud,Debit_Card,92248,Zone_D,20,3,6
569,2025-04-10,Zone_B,Investment_Fraud,UPI,76386,Zone_C,13,3,4
570,2025-08-21,Zone_C,Card_Fraud,Debit_Card,19316,Zone_E,14,3,8
571,2025-03-17,Zone_A,Online_Shopping_Fraud,Debit_Card,86324,Zone_C,8,0,3
572,2025-09-22,Zone_A,Card_Fraud,Credit_Card,29932,Zone_E,14,0,9
573,2025-10-11,Zone_A,Investment_Fraud,Debit_Card,49117,Zone_H,16,5,10
574,2025-07-25,Zone_C,UPI_Fraud,Credit_Card,72873,Zone_G,23,4,7
575,2025-08-11,Zone_C,Phishing,Net_Banking,34717,Zone_H,3,0,8
576,2025-02-21,Zone_D,Investment_Fraud,Credit_Card,21384,Zone_E,11,4,2
577,2025-12-05,Zone_F,UPI_Fraud,Wallet,5954,Zone_C,4,4,12
578,2025-05-24,Zone_G,Online_Shopping_Fraud,UPI,75460,Zone_H,4,5,5
579,2025-03-10,Zone_B,Card_Fraud,Net_Banking,44118,Zone_A,10,0,3
580,2025-04-09,Zone_D,Card_Fraud,Net_Banking,84448,Zone_D,5,2,4
581,2025-01-25,Zone_B,Card_Fraud,Wallet,63171,Zone_F,6,5,1
582,2025-02-22,Zone_G,Online_Shopping_Fraud,Credit_Card,47611,Zone_E,23,5,2
583,2025-05-31,Zone_F,UPI_Fraud,UPI,40113,Zone_E,13,5,5
584,2025-05-24,Zone_C,Online_Shopping_Fraud,Credit_Card,86178,Zone_A,23,5,5
585,2025-02-26,Zone_F,Card_Fraud,Debit_Card,60493,Zone_G,10,2,2
586,2025-02-08,Zone_C,Investment_Fraud,Credit_Card,9348,Zone_G,12,5,2
587,2025-04-19,Zone_G,Phishing,Net_Banking,79172,Zone_G,1,5,4
588,2025-06-30,Zone_F,Online_Shopping_Fraud,UPI,66625,Zone_F,6,0,6
589,2025-02-11,Zone_D,Online_Shopping_Fraud,Credit_Card,86944,Zone_B,19,1,2
590,2025-07-05,Zone_E,UPI_Fraud,UPI,62102,Zone_A,3,5,7
591,2025-08-11,Zone_D,UPI_Fraud,UPI,72545,Zone_F,7,0,8
592,2025-05-02,Zone_B,Online_Shopping_Fraud,Debit_Card,42722,Zone_H,19,4,5
593,2025-05-13,Zone_D,Card_Fraud,Debit_Card,49723,Zone_A,21,1,5
594,2025-06-12,Zone_G,Phishing,Net_Banking,65833,Zone_E,20,3,6
595,2025-08-03,Zone_A,UPI_Fraud,Wallet,53232,Zone_D,18,6,8
596,2025-08-09,Zone_B,Card_Fraud,UPI,49920,Zone_A,12,5,8
597,2025-08-23,Zone_F,Investment_Fraud,Wallet,76004,Zone_B,13,5,8
598,2025-11-27,Zone_B,UPI_Fraud,Net_Banking,2962,Zone_C,9,3,11
599,2025-05-26,Zone_E,Card_Fraud,UPI,9960,Zone_H,10,0,5
600,2025-08-27,Zone_C,Card_Fraud,UPI,99819,Zone_F,1,2,8
601,2025-03-17,Zone_F,Phishing,Wallet,9775,Zone_H,8,0,3
602,2025-01-09,Zone_H,Phishing,Credit_Card,94713,Zone_H,16,3,1
603,2025-03-15,Zone_B,Investment_Fraud,Debit_Card,13769,Zone_A,2,5,3
604,2025-09-10,Zone_F,Card_Fraud,Credit_Card,66442,Zone_A,23,2,9
605,2025-08-18,Zone_F,Card_Fraud,Wallet,73420,Zone_B,5,0,8
606,2025-01-07,Zone_F,Phishing,Debit_Card,23053,Zone_D,4,1,1
607,2025-06-23,Zone_C,UPI_Fraud,Credit_Card,24866,Zone_A,4,0,6
608,2025-05-21,Zone_H,UPI_Fraud,Debit_Card,44536,Zone_A,21,2,5
609,2025-06-17,Zone_G,Online_Shopping_Fraud,UPI,17869,Zone_D,14,1,6
610,2025-06-19,Zone_D,Phishing,Credit_Card,12295,Zone_B,22,3,6
611,2025-10-10,Zone_F,Online_Shopping_Fraud,Debit_Card,70521,Zone_F,16,4,10
612,2025-05-02,Zone_A,Phishing,Debit_Card,68654,Zone_H,8,4,5
613,2025-07-13,Zone_G,Investment_Fraud,Debit_Card,30643,Zone_F,2,6,7
614,2025-01-05,Zone_E,Card_Fraud,Credit_Card,29925,Zone_A,19,6,1
615,2025-01-29,Zone_C,Investment_Fraud,Net_Banking,88709,Zone_D,16,2,1
616,2025-06-14,Zone_B,Phishing,Credit_Card,75639,Zone_A,9,5,6
617,2025-12-05,Zone_C,Card_Fraud,Wallet,5868,Zone_G,2,4,12
618,2025-05-16,Zone_B,UPI_Fraud,Credit_Card,5121,Zone_C,17,4,5
619,2025-12-31,Zone_C,UPI_Fraud,Debit_Card,59329,Zone_F,17,2,12
620,2025-11-17,Zone_B,Online_Shopping_Fraud,UPI,60794,Zone_G,16,0,11
621,2025-12-08,Zone_F,Phishing,Credit_Card,15219,Zone_E,23,0,12
622,2025-05-25,Zone_D,Phishing,Credit_Card,29727,Zone_C,2,6,5
623,2025-11-23,Zone_B,UPI_Fraud,Debit_Card,8066,Zone_A,2,6,11
624,2025-08-05,Zone_H,Investment_Fraud,UPI,12806,Zone_B,5,1,8
625,2025-10-28,Zone_B,Card_Fraud,UPI,54322,Zone_F,12,1,10
626,2025-05-12,Zone_A,Investment_Fraud,Wallet,24542,Zone_E,23,0,5
627,2025-10-19,Zone_B,Investment_Fraud,Credit_Card,15586,Zone_C,14,6,10
628,2025-03-11,Zone_A,UPI_Fraud,UPI,17887,Zone_F,8,1,3
629,2025-09-09,Zone_E,UPI_Fraud,UPI,27542,Zone_D,3,1,9
630,2025-10-02,Zone_F,UPI_Fraud,Net_Banking,89924,Zone_B,13,3,10
631,2025-12-30,Zone_A,Online_Shopping_Fraud,Net_Banking,52118,Zone_C,4,1,12
632,2025-07-01,Zone_D,Investment_Fraud,UPI,92550,Zone_D,1,1,7
633,2025-06-16,Zone_G,Phishing,Wallet,18823,Zone_G,10,0,6
634,2025-04-01,Zone_F,Card_Fraud,UPI,18519,Zone_A,8,1,4
635,2025-07-21,Zone_A,Online_Shopping_Fraud,Debit_Card,75926,Zone_D,23,0,7
636,2025-12-12,Zone_F,Phishing,Credit_Card,41363,Zone_C,2,4,12
637,2025-01-19,Zone_H,Investment_Fraud,Wallet,10783,Zone_H,8,6,1
638,2025-02-08,Zone_F,UPI_Fraud,Debit_Card,18779,Zone_C,2,5,2
639,2025-05-06,Zone_F,Investment_Fraud,Wallet,47499,Zone_H,1,1,5
640,2025-06-22,Zone_E,Card_Fraud,Debit_Card,63280,Zone_G,11,6,6
641,2025-05-21,Zone_D,Online_Shopping_Fraud,Credit_Card,23408,Zone_A,9,2,5
642,2025-08-30,Zone_C,Online_Shopping_Fraud,Credit_Card,62084,Zone_H,8,5,8
643,2025-08-08,Zone_C,Card_Fraud,Net_Banking,50725,Zone_H,14,4,8
644,2025-05-06,Zone_A,Phishing,Debit_Card,38452,Zone_D,7,1,5
645,2025-02-27,Zone_F,Phishing,Net_Banking,38163,Zone_D,4,3,2
646,2025-05-28,Zone_A,Online_Shopping_Fraud,Debit_Card,61881,Zone_A,10,2,5
647,2025-11-13,Zone_E,Online_Shopping_Fraud,Net_Banking,48429,Zone_D,1,3,11
648,2025-12-27,Zone_E,UPI_Fraud,Credit_Card,9843,Zone_F,23,5,12
649,2025-01-01,Zone_B,Phishing,Wallet,76673,Zone_A,14,2,1
650,2025-12-14,Zone_H,Card_Fraud,Net_Banking,40291,Zone_B,5,6,12
651,2025-07-09,Zone_E,Phishing,Debit_Card,29634,Zone_H,7,2,7
652,2025-07-10,Zone_B,UPI_Fraud,Debit_Card,47601,Zone_C,4,3,7
653,2025-11-08,Zone_D,Online_Shopping_Fraud,Credit_Card,69943,Zone_B,15,5,11
654,2025-04-27,Zone_A,Online_Shopping_Fraud,Debit_Card,99611,Zone_H,17,6,4
655,2025-05-14,Zone_G,UPI_Fraud,UPI,58030,Zone_F,5,2,5
656,2025-02-27,Zone_D,Card_Fraud,Wallet,47299,Zone_H,4,3,2
657,2025-02-13,Zone_E,Online_Shopping_Fraud,Net_Banking,5327,Zone_H,15,3,2
658,2025-06-22,Zone_D,Investment_Fraud,Wallet,96643,Zone_H,12,6,6
659,2025-06-09,Zone_D,Online_Shopping_Fraud,Credit_Card,63153,Zone_G,4,0,6
660,2025-06-22,Zone_H,Investment_Fraud,Net_Banking,14199,Zone_F,12,6,6
661,2025-11-13,Zone_H,UPI_Fraud,Net_Banking,91919,Zone_E,16,3,11
662,2025-10-30,Zone_H,UPI_Fraud,UPI,5813,Zone_E,17,3,10
663,2025-05-29,Zone_D,Online_Shopping_Fraud,Credit_Card,14098,Zone_E,7,3,5
664,2025-03-21,Zone_E,Phishing,Debit_Card,29307,Zone_A,12,4,3
665,2025-08-01,Zone_G,Investment_Fraud,UPI,70923,Zone_D,18,4,8
666,2025-07-22,Zone_F,Card_Fraud,UPI,69890,Zone_F,2,1,7
667,2025-09-09,Zone_D,Online_Shopping_Fraud,Wallet,45726,Zone_B,23,1,9
668,2025-08-17,Zone_B,Card_Fraud,Wallet,60050,Zone_G,7,6,8
669,2025-06-13,Zone_E,Online_Shopping_Fraud,Wallet,80572,Zone_B,1,4,6
670,2025-08-15,Zone_D,Phishing,UPI,4058,Zone_B,7,4,8
671,2025-05-27,Zone_G,Phishing,Debit_Card,75808,Zone_B,12,1,5
672,2025-01-20,Zone_F,Phishing,Net_Banking,50613,Zone_G,12,0,1
673,2025-02-16,Zone_H,Phishing,Wallet,53499,Zone_E,0,6,2
674,2025-08-21,Zone_E,UPI_Fraud,Debit_Card,56378,Zone_B,5,3,8
675,2025-11-01,Zone_C,UPI_Fraud,Credit_Card,36843,Zone_G,23,5,11
676,2025-01-14,Zone_F,Investment_Fraud,Wallet,58719,Zone_G,18,1,1
677,2025-05-23,Zone_B,Card_Fraud,Net_Banking,35686,Zone_D,15,4,5
678,2025-01-01,Zone_D,Online_Shopping_Fraud,Credit_Card,37466,Zone_G,7,2,1
679,2025-02-23,Zone_G,Online_Shopping_Fraud,Credit_Card,34269,Zone_E,0,6,2
680,2025-09-16,Zone_C,UPI_Fraud,Net_Banking,53718,Zone_B,15,1,9
681,2025-05-24,Zone_G,Online_Shopping_Fraud,Wallet,19729,Zone_G,8,5,5
682,2025-01-12,Zone_C,UPI_Fraud,UPI,75709,Zone_A,12,6,1
683,2025-11-26,Zone_E,Investment_Fraud,Net_Banking,28377,Zone_G,10,2,11
684,2025-08-12,Zone_C,Card_Fraud,Net_Banking,58501,Zone_C,12,1,8
685,2025-09-29,Zone_B,Investment_Fraud,Net_Banking,97637,Zone_C,20,0,9
686,2025-12-24,Zone_B,Phishing,Credit_Card,38584,Zone_C,9,2,12
687,2025-06-05,Zone_A,Phishing,Debit_Card,82280,Zone_G,3,3,6
688,2025-01-08,Zone_B,Phishing,UPI,93392,Zone_E,5,2,1
689,2025-05-02,Zone_F,Investment_Fraud,Wallet,17306,Zone_B,6,4,5
690,2025-12-14,Zone_C,Online_Shopping_Fraud,Wallet,89135,Zone_F,4,6,12
691,2025-06-13,Zone_B,Card_Fraud,Debit_Card,37534,Zone_F,10,4,6
692,2025-03-31,Zone_E,Phishing,Net_Banking,40817,Zone_F,12,0,3
693,2025-05-16,Zone_G,Phishing,UPI,55968,Zone_E,18,4,5
694,2025-07-05,Zone_H,Phishing,Wallet,19594,Zone_D,22,5,7
695,2025-11-12,Zone_G,Card_Fraud,Wallet,58296,Zone_H,9,2,11
696,2025-06-27,Zone_A,Phishing,Net_Banking,11089,Zone_A,9,4,6
697,2025-01-28,Zone_G,Card_Fraud,Debit_Card,57721,Zone_A,10,1,1
698,2025-08-08,Zone_C,Phishing,UPI,2157,Zone_C,20,4,8
699,2025-12-23,Zone_A,Investment_Fraud,Debit_Card,98800,Zone_C,6,1,12
700,2025-02-10,Zone_C,Investment_Fraud,Debit_Card,40031,Zone_G,17,0,2
701,2025-08-16,Zone_E,Card_Fraud,UPI,52727,Zone_F,3,5,8
702,2025-07-11,Zone_A,Investment_Fraud,UPI,3664,Zone_G,1,4,7
703,2025-05-25,Zone_D,Card_Fraud,Wallet,93578,Zone_H,13,6,5
704,2025-07-20,Zone_F,Investment_Fraud,Wallet,84473,Zone_F,12,6,7
705,2025-07-31,Zone_F,Investment_Fraud,UPI,41747,Zone_C,11,3,7
706,2025-08-08,Zone_C,Card_Fraud,Credit_Card,20101,Zone_B,6,4,8
707,2025-08-28,Zone_G,Online_Shopping_Fraud,Wallet,94466,Zone_D,1,3,8
708,2025-02-15,Zone_H,Investment_Fraud,Credit_Card,51099,Zone_G,12,5,2
709,2025-02-04,Zone_H,Phishing,UPI,72045,Zone_D,13,1,2
710,2025-09-10,Zone_D,Online_Shopping_Fraud,Wallet,5052,Zone_D,16,2,9
711,2025-03-23,Zone_A,Card_Fraud,Debit_Card,9917,Zone_D,8,6,3
712,2025-09-13,Zone_D,Online_Shopping_Fraud,UPI,59079,Zone_C,16,5,9
713,2025-07-16,Zone_D,UPI_Fraud,Net_Banking,68707,Zone_A,7,2,7
714,2025-10-30,Zone_G,UPI_Fraud,Credit_Card,72555,Zone_C,1,3,10
715,2025-01-10,Zone_H,Investment_Fraud,UPI,78770,Zone_D,23,4,1
716,2025-11-08,Zone_A,Investment_Fraud,UPI,4222,Zone_C,12,5,11
717,2025-10-13,Zone_E,Phishing,Wallet,70942,Zone_D,2,0,10
718,2025-08-30,Zone_G,Online_Shopping_Fraud,Wallet,96132,Zone_E,15,5,8
719,2025-09-08,Zone_D,UPI_Fraud,Wallet,40531,Zone_F,5,0,9
720,2025-12-31,Zone_D,Investment_Fraud,Net_Banking,79735,Zone_A,18,2,12
721,2025-01-05,Zone_E,Online_Shopping_Fraud,Wallet,21938,Zone_E,6,6,1
722,2025-04-29,Zone_D,Investment_Fraud,UPI,59319,Zone_B,9,1,4
723,2025-10-16,Zone_D,Investment_Fraud,Wallet,44356,Zone_C,8,3,10
724,2025-03-06,Zone_D,UPI_Fraud,Debit_Card,34076,Zone_B,1,3,3
725,2025-05-26,Zone_F,UPI_Fraud,Wallet,42438,Zone_G,14,0,5
726,2025-08-12,Zone_G,Investment_Fraud,Net_Banking,49528,Zone_C,4,1,8
727,2025-08-27,Zone_B,Card_Fraud,Debit_Card,60307,Zone_H,21,2,8
728,2025-06-26,Zone_G,Investment_Fraud,UPI,50377,Zone_H,3,3,6
729,2025-09-24,Zone_E,Investment_Fraud,UPI,98283,Zone_F,19,2,9
730,2025-12-07,Zone_D,Phishing,Credit_Card,43961,Zone_E,3,6,12
731,2025-10-09,Zone_G,Phishing,Debit_Card,93974,Zone_F,17,3,10
732,2025-03-04,Zone_F,Phishing,Credit_Card,40969,Zone_G,3,1,3
733,2025-08-05,Zone_H,Card_Fraud,Debit_Card,83636,Zone_D,16,1,8
734,2025-12-08,Zone_E,Card_Fraud,Debit_Card,20935,Zone_F,11,0,12
735,2025-11-11,Zone_C,Investment_Fraud,Net_Banking,84617,Zone_F,21,1,11
736,2025-10-10,Zone_G,Phishing,Credit_Card,14691,Zone_H,16,4,10
737,2025-06-26,Zone_C,Card_Fraud,Net_Banking,85226,Zone_D,9,3,6
738,2025-04-08,Zone_D,UPI_Fraud,Debit_Card,27886,Zone_H,21,1,4
739,2025-04-15,Zone_F,Investment_Fraud,UPI,32221,Zone_C,0,1,4
740,2025-04-09,Zone_F,Online_Shopping_Fraud,Debit_Card,55286,Zone_D,21,2,4
741,2025-11-07,Zone_G,Investment_Fraud,Net_Banking,14204,Zone_E,23,4,11
742,2025-01-06,Zone_E,Online_Shopping_Fraud,Credit_Card,57135,Zone_F,17,0,1
743,2025-07-16,Zone_E,Phishing,Credit_Card,2623,Zone_H,17,2,7
744,2025-12-17,Zone_F,Online_Shopping_Fraud,Net_Banking,91210,Zone_D,13,2,12
745,2025-05-13,Zone_E,Phishing,Credit_Card,63493,Zone_G,14,1,5
746,2025-12-24,Zone_F,UPI_Fraud,Wallet,80622,Zone_G,11,2,12
747,2025-09-16,Zone_G,Online_Shopping_Fraud,UPI,98012,Zone_F,3,1,9
748,2025-01-23,Zone_B,Investment_Fraud,UPI,25916,Zone_E,2,3,1
749,2025-02-22,Zone_F,Phishing,UPI,2314,Zone_B,19,5,2
750,2025-06-14,Zone_C,Investment_Fraud,Credit_Card,79037,Zone_H,11,5,6
751,2025-07-21,Zone_E,Card_Fraud,Credit_Card,50758,Zone_E,6,0,7
752,2025-03-24,Zone_F,Phishing,Debit_Card,17008,Zone_A,10,0,3
753,2025-05-25,Zone_F,Online_Shopping_Fraud,Debit_Card,85666,Zone_A,0,6,5
754,2025-03-26,Zone_G,Phishing,UPI,79416,Zone_A,5,2,3
755,2025-03-19,Zone_E,Investment_Fraud,Wallet,36199,Zone_F,14,2,3
756,2025-01-01,Zone_B,UPI_Fraud,Debit_Card,46835,Zone_G,14,2,1
757,2025-02-20,Zone_G,Phishing,Debit_Card,47306,Zone_C,18,3,2
758,2025-06-22,Zone_B,Online_Shopping_Fraud,Credit_Card,78353,Zone_H,10,6,6
759,2025-07-24,Zone_H,Card_Fraud,Wallet,64268,Zone_G,22,3,7
760,2025-09-17,Zone_G,UPI_Fraud,UPI,36239,Zone_C,1,2,9
761,2025-10-15,Zone_E,Card_Fraud,Debit_Card,35285,Zone_C,13,2,10
762,2025-02-03,Zone_A,Phishing,Wallet,32480,Zone_G,1,0,2
763,2025-12-14,Zone_E,Investment_Fraud,Wallet,89835,Zone_H,3,6,12
764,2025-04-05,Zone_E,Investment_Fraud,UPI,95202,Zone_F,16,5,4
765,2025-03-13,Zone_B,Online_Shopping_Fraud,Wallet,85516,Zone_E,2,3,3
766,2025-02-08,Zone_B,Investment_Fraud,Wallet,2109,Zone_C,12,5,2
767,2025-06-03,Zone_E,UPI_Fraud,Wallet,66753,Zone_B,8,1,6
768,2025-09-07,Zone_E,Investment_Fraud,Debit_Card,85981,Zone_G,6,6,9
769,2025-06-11,Zone_E,Online_Shopping_Fraud,UPI,91628,Zone_G,14,2,6
770,2025-04-28,Zone_B,Phishing,Wallet,28641,Zone_A,22,0,4
771,2025-09-16,Zone_E,Phishing,Wallet,30509,Zone_E,10,1,9
772,2025-11-02,Zone_E,Investment_Fraud,Debit_Card,7282,Zone_A,19,6,11
773,2025-09-25,Zone_H,Card_Fraud,UPI,92572,Zone_G,1,3,9
774,2025-02-23,Zone_D,Phishing,Credit_Card,99852,Zone_G,14,6,2
775,2025-08-24,Zone_A,Investment_Fraud,Debit_Card,26433,Zone_C,13,6,8
776,2025-08-10,Zone_C,Online_Shopping_Fraud,UPI,77654,Zone_E,19,6,8
777,2025-09-08,Zone_A,Investment_Fraud,Wallet,8807,Zone_D,21,0,9
778,2025-11-09,Zone_D,Phishing,UPI,92707,Zone_B,10,6,11
779,2025-04-22,Zone_C,Online_Shopping_Fraud,UPI,76374,Zone_H,2,1,4
780,2025-09-12,Zone_G,Investment_Fraud,UPI,38846,Zone_C,16,4,9
781,2025-10-30,Zone_E,UPI_Fraud,Credit_Card,51272,Zone_G,11,3,10
782,2025-07-26,Zone_D,Online_Shopping_Fraud,UPI,72584,Zone_H,23,5,7
783,2025-08-17,Zone_H,UPI_Fraud,Credit_Card,40649,Zone_C,20,6,8
784,2025-12-07,Zone_G,Card_Fraud,Wallet,87200,Zone_B,14,6,12
785,2025-03-07,Zone_E,Online_Shopping_Fraud,Credit_Card,28026,Zone_G,15,4,3
786,2025-03-16,Zone_B,UPI_Fraud,Wallet,97258,Zone_B,4,6,3
787,2025-04-13,Zone_F,Phishing,Wallet,86212,Zone_H,19,6,4
788,2025-07-11,Zone_D,Phishing,Credit_Card,68977,Zone_D,5,4,7
789,2025-09-09,Zone_B,Card_Fraud,Debit_Card,6195,Zone_C,18,1,9
790,2025-08-14,Zone_D,Online_Shopping_Fraud,Net_Banking,39669,Zone_F,4,3,8
791,2025-10-21,Zone_H,Online_Shopping_Fraud,UPI,48447,Zone_C,2,1,10
792,2025-11-02,Zone_D,Online_Shopping_Fraud,Net_Banking,47724,Zone_A,0,6,11
793,2025-04-08,Zone_B,Card_Fraud,UPI,46365,Zone_E,5,1,4
794,2025-12-04,Zone_H,Online_Shopping_Fraud,UPI,26053,Zone_E,14,3,12
795,2025-10-13,Zone_C,Phishing,Wallet,60910,Zone_A,1,0,10
796,2025-12-01,Zone_A,UPI_Fraud,UPI,91395,Zone_G,2,0,12
797,2025-12-13,Zone_E,Phishing,UPI,25316,Zone_E,16,5,12
798,2025-11-04,Zone_D,Phishing,Credit_Card,55526,Zone_B,23,1,11
799,2025-09-06,Zone_E,UPI_Fraud,Net_Banking,51205,Zone_H,11,5,9
800,2025-06-15,Zone_F,Phishing,Credit_Card,62422,Zone_H,17,6,6
801,2025-12-01,Zone_B,Card_Fraud,UPI,74414,Zone_E,14,0,12
802,2025-01-30,Zone_E,UPI_Fraud,Wallet,2381,Zone_E,11,3,1
803,2025-09-04,Zone_B,Phishing,Credit_Card,40067,Zone_A,15,3,9
804,2025-04-16,Zone_E,Investment_Fraud,Credit_Card,47865,Zone_G,7,2,4
805,2025-02-20,Zone_A,Phishing,Debit_Card,79711,Zone_D,13,3,2
806,2025-03-22,Zone_A,Card_Fraud,UPI,70622,Zone_E,16,5,3
807,2025-05-13,Zone_H,Online_Shopping_Fraud,Wallet,25506,Zone_F,20,1,5
808,2025-10-12,Zone_A,Phishing,Credit_Card,41698,Zone_E,7,6,10
809,2025-05-18,Zone_H,Online_Shopping_Fraud,Credit_Card,23331,Zone_D,14,6,5
810,2025-07-03,Zone_A,Investment_Fraud,Wallet,16959,Zone_A,13,3,7
811,2025-11-26,Zone_A,Phishing,UPI,32943,Zone_D,17,2,11
812,2025-09-30,Zone_A,UPI_Fraud,Debit_Card,42816,Zone_A,19,1,9
813,2025-12-06,Zone_B,Online_Shopping_Fraud,Credit_Card,96631,Zone_B,6,5,12
814,2025-03-10,Zone_D,Investment_Fraud,Debit_Card,64986,Zone_A,2,0,3
815,2025-02-03,Zone_H,UPI_Fraud,Net_Banking,6377,Zone_B,11,0,2
816,2025-09-19,Zone_E,UPI_Fraud,UPI,40053,Zone_B,20,4,9
817,2025-02-22,Zone_A,UPI_Fraud,Net_Banking,5422,Zone_A,23,5,2
818,2025-07-24,Zone_B,UPI_Fraud,Net_Banking,5186,Zone_F,2,3,7
819,2025-05-06,Zone_B,Phishing,Net_Banking,33266,Zone_C,19,1,5
820,2025-08-23,Zone_B,Phishing,UPI,80443,Zone_A,13,5,8
821,2025-02-12,Zone_H,Phishing,UPI,32506,Zone_E,14,2,2
822,2025-08-28,Zone_D,Investment_Fraud,Wallet,31922,Zone_F,13,3,8
823,2025-04-21,Zone_H,Investment_Fraud,Debit_Card,12705,Zone_F,6,0,4
824,2025-09-06,Zone_E,Investment_Fraud,Debit_Card,87090,Zone_E,16,5,9
825,2025-05-31,Zone_D,Card_Fraud,Wallet,24027,Zone_C,11,5,5
826,2025-07-02,Zone_C,Investment_Fraud,Wallet,18943,Zone_F,19,2,7
827,2025-12-02,Zone_G,Phishing,Net_Banking,17024,Zone_B,3,1,12
828,2025-04-05,Zone_B,Phishing,Wallet,28702,Zone_H,8,5,4
829,2025-01-08,Zone_H,Card_Fraud,Credit_Card,66052,Zone_C,5,2,1
830,2025-12-26,Zone_C,Card_Fraud,Debit_Card,46642,Zone_G,15,4,12
831,2025-07-03,Zone_F,Investment_Fraud,Wallet,62192,Zone_E,21,3,7
832,2025-10-08,Zone_H,Online_Shopping_Fraud,Credit_Card,82884,Zone_C,21,2,10
833,2025-07-14,Zone_A,Card_Fraud,Credit_Card,21355,Zone_A,20,0,7
834,2025-12-18,Zone_G,UPI_Fraud,Credit_Card,84247,Zone_H,20,3,12
835,2025-07-14,Zone_A,Phishing,Credit_Card,60872,Zone_C,1,0,7
836,2025-06-04,Zone_D,UPI_Fraud,Net_Banking,25595,Zone_B,23,2,6
837,2025-04-03,Zone_G,Phishing,Credit_Card,39224,Zone_H,7,3,4
838,2025-06-09,Zone_H,Phishing,Net_Banking,49741,Zone_A,10,0,6
839,2025-03-02,Zone_E,Card_Fraud,Net_Banking,52503,Zone_D,12,6,3
840,2025-05-02,Zone_C,Card_Fraud,Credit_Card,68879,Zone_E,16,4,5
841,2025-02-20,Zone_E,UPI_Fraud,Debit_Card,95337,Zone_H,7,3,2
842,2025-10-04,Zone_H,Phishing,Credit_Card,92496,Zone_E,20,5,10
843,2025-01-05,Zone_D,UPI_Fraud,Credit_Card,97954,Zone_C,17,6,1
844,2025-04-02,Zone_A,Online_Shopping_Fraud,Credit_Card,94783,Zone_F,17,2,4
845,2025-06-19,Zone_G,UPI_Fraud,Debit_Card,16472,Zone_A,13,3,6
846,2025-11-13,Zone_E,Investment_Fraud,UPI,94346,Zone_D,14,3,11
847,2025-01-22,Zone_H,UPI_Fraud,UPI,23427,Zone_A,5,2,1
848,2025-11-22,Zone_E,Investment_Fraud,Net_Banking,67130,Zone_E,10,5,11
849,2025-01-01,Zone_H,Investment_Fraud,Net_Banking,52847,Zone_A,12,2,1
850,2025-05-13,Zone_A,Investment_Fraud,Debit_Card,89360,Zone_D,0,1,5
851,2025-08-21,Zone_G,Online_Shopping_Fraud,Wallet,86710,Zone_F,5,3,8
852,2025-01-12,Zone_C,UPI_Fraud,UPI,70018,Zone_C,8,6,1
853,2025-12-12,Zone_A,UPI_Fraud,Net_Banking,45783,Zone_B,7,4,12
854,2025-02-15,Zone_E,Online_Shopping_Fraud,UPI,81826,Zone_A,10,5,2
855,2025-02-03,Zone_C,Phishing,Debit_Card,12705,Zone_H,21,0,2
856,2025-03-19,Zone_H,Card_Fraud,Debit_Card,90374,Zone_B,18,2,3
857,2025-08-06,Zone_C,UPI_Fraud,Wallet,13248,Zone_E,23,2,8
858,2025-10-28,Zone_H,Card_Fraud,Wallet,21597,Zone_C,8,1,10
859,2025-03-14,Zone_A,Online_Shopping_Fraud,Debit_Card,3592,Zone_G,16,4,3
860,2025-10-09,Zone_E,Phishing,Net_Banking,53811,Zone_C,11,3,10
861,2025-09-06,Zone_D,Phishing,UPI,23192,Zone_A,13,5,9
862,2025-02-16,Zone_E,Phishing,Credit_Card,24362,Zone_H,14,6,2
863,2025-05-01,Zone_H,Online_Shopping_Fraud,Wallet,90896,Zone_F,15,3,5
864,2025-08-02,Zone_B,Investment_Fraud,Credit_Card,80007,Zone_C,21,5,8
865,2025-08-27,Zone_G,Investment_Fraud,Net_Banking,80652,Zone_A,21,2,8
866,2025-02-25,Zone_F,Card_Fraud,Wallet,70969,Zone_A,19,1,2
867,2025-12-16,Zone_D,Investment_Fraud,Credit_Card,5426,Zone_B,0,1,12
868,2025-04-17,Zone_C,Investment_Fraud,Net_Banking,91799,Zone_C,9,3,4
869,2025-11-15,Zone_D,Phishing,UPI,4469,Zone_A,7,5,11
870,2025-02-17,Zone_G,Phishing,Net_Banking,36233,Zone_B,17,0,2
871,2025-03-02,Zone_C,Card_Fraud,Wallet,70355,Zone_H,0,6,3
872,2025-12-03,Zone_G,UPI_Fraud,Debit_Card,42243,Zone_D,1,2,12
873,2025-01-26,Zone_C,Card_Fraud,UPI,40376,Zone_H,0,6,1
874,2025-10-19,Zone_D,Card_Fraud,Credit_Card,20823,Zone_G,0,6,10
875,2025-09-14,Zone_C,Online_Shopping_Fraud,Wallet,16928,Zone_B,8,6,9
876,2025-01-08,Zone_C,Online_Shopping_Fraud,Debit_Card,35078,Zone_B,12,2,1
877,2025-04-23,Zone_B,Card_Fraud,Net_Banking,86986,Zone_A,0,2,4
878,2025-12-21,Zone_E,Card_Fraud,Debit_Card,64640,Zone_E,12,6,12
879,2025-09-10,Zone_E,Card_Fraud,Wallet,84329,Zone_E,19,2,9
880,2025-06-29,Zone_F,Investment_Fraud,Wallet,6864,Zone_F,21,6,6
881,2025-07-26,Zone_F,Online_Shopping_Fraud,Debit_Card,35849,Zone_E,6,5,7
882,2025-10-30,Zone_H,Card_Fraud,Net_Banking,1191,Zone_B,1,3,10
883,2025-05-07,Zone_H,Phishing,Debit_Card,96098,Zone_F,5,2,5
884,2025-02-25,Zone_H,Phishing,Wallet,66967,Zone_H,6,1,2
885,2025-08-02,Zone_B,Investment_Fraud,Wallet,46396,Zone_A,13,5,8
886,2025-01-14,Zone_F,Investment_Fraud,Credit_Card,57562,Zone_H,17,1,1
887,2025-01-28,Zone_G,UPI_Fraud,Credit_Card,97766,Zone_C,14,1,1
888,2025-03-19,Zone_H,UPI_Fraud,UPI,80262,Zone_G,1,2,3
889,2025-08-04,Zone_H,UPI_Fraud,Wallet,14361,Zone_G,9,0,8
890,2025-12-31,Zone_D,Investment_Fraud,Credit_Card,97337,Zone_B,22,2,12
891,2025-06-03,Zone_A,Investment_Fraud,Debit_Card,88802,Zone_B,11,1,6
892,2025-01-14,Zone_G,Investment_Fraud,Net_Banking,64428,Zone_F,16,1,1
893,2025-07-06,Zone_H,Phishing,Debit_Card,83731,Zone_A,7,6,7
894,2025-11-08,Zone_H,Investment_Fraud,Net_Banking,41847,Zone_D,10,5,11
895,2025-01-07,Zone_H,Phishing,Credit_Card,3621,Zone_B,2,1,1
896,2025-01-03,Zone_A,UPI_Fraud,UPI,84293,Zone_D,5,4,1
897,2025-04-21,Zone_A,UPI_Fraud,Debit_Card,28664,Zone_H,8,0,4
898,2025-08-26,Zone_B,UPI_Fraud,Debit_Card,25991,Zone_D,5,1,8
899,2025-12-29,Zone_G,Card_Fraud,Debit_Card,59722,Zone_E,8,0,12
900,2025-08-27,Zone_B,Card_Fraud,Net_Banking,23665,Zone_A,6,2,8
901,2025-10-01,Zone_C,Online_Shopping_Fraud,Credit_Card,4248,Zone_G,8,2,10
902,2025-10-21,Zone_A,Online_Shopping_Fraud,Debit_Card,99081,Zone_G,17,1,10
903,2025-08-15,Zone_D,Online_Shopping_Fraud,Debit_Card,27053,Zone_D,11,4,8
904,2025-01-15,Zone_F,Card_Fraud,UPI,60880,Zone_G,7,2,1
905,2025-07-11,Zone_D,Card_Fraud,UPI,44831,Zone_H,7,4,7
906,2025-04-29,Zone_F,Online_Shopping_Fraud,Credit_Card,96533,Zone_A,17,1,4
907,2025-01-28,Zone_A,Online_Shopping_Fraud,Credit_Card,97344,Zone_E,19,1,1
908,2025-07-21,Zone_A,Investment_Fraud,Wallet,40060,Zone_A,14,0,7
909,2025-02-08,Zone_A,Online_Shopping_Fraud,UPI,54365,Zone_B,6,5,2
910,2025-09-30,Zone_B,Investment_Fraud,Wallet,47186,Zone_D,10,1,9
911,2025-08-19,Zone_G,Phishing,Net_Banking,76410,Zone_A,19,1,8
912,2025-03-27,Zone_F,Card_Fraud,Wallet,5175,Zone_H,15,3,3
913,2025-05-06,Zone_G,Online_Shopping_Fraud,Debit_Card,67206,Zone_G,3,1,5
914,2025-10-27,Zone_B,Card_Fraud,Wallet,78486,Zone_C,5,0,10
915,2025-01-25,Zone_B,Card_Fraud,Credit_Card,76716,Zone_A,21,5,1
916,2025-05-25,Zone_E,Card_Fraud,Net_Banking,10568,Zone_D,2,6,5
917,2025-01-13,Zone_D,Phishing,Debit_Card,54960,Zone_E,8,0,1
918,2025-07-31,Zone_D,UPI_Fraud,Wallet,46918,Zone_G,9,3,7
919,2025-01-25,Zone_C,Online_Shopping_Fraud,Net_Banking,26706,Zone_E,13,5,1
920,2025-03-09,Zone_H,UPI_Fraud,Net_Banking,787,Zone_D,10,6,3
921,2025-03-08,Zone_B,UPI_Fraud,Debit_Card,22837,Zone_G,17,5,3
922,2025-08-21,Zone_F,UPI_Fraud,Wallet,21166,Zone_B,21,3,8
923,2025-04-19,Zone_E,Card_Fraud,Net_Banking,1661,Zone_G,11,5,4
924,2025-05-26,Zone_E,Investment_Fraud,Net_Banking,90571,Zone_B,22,0,5
925,2025-04-21,Zone_H,Card_Fraud,UPI,98564,Zone_E,11,0,4
926,2025-08-16,Zone_G,Card_Fraud,Net_Banking,39251,Zone_E,12,5,8
927,2025-04-21,Zone_H,UPI_Fraud,UPI,82563,Zone_D,12,0,4
928,2025-02-03,Zone_H,Card_Fraud,Wallet,89889,Zone_B,18,0,2
929,2025-04-21,Zone_H,UPI_Fraud,Wallet,15258,Zone_E,18,0,4
930,2025-09-21,Zone_D,Investment_Fraud,Wallet,66280,Zone_B,22,6,9
931,2025-08-24,Zone_B,Online_Shopping_Fraud,Credit_Card,3678,Zone_E,13,6,8
932,2025-03-24,Zone_C,UPI_Fraud,Wallet,32331,Zone_G,3,0,3
933,2025-02-11,Zone_B,Investment_Fraud,Net_Banking,2676,Zone_A,12,1,2
934,2025-04-11,Zone_G,Online_Shopping_Fraud,Debit_Card,34154,Zone_H,7,4,4
935,2025-01-06,Zone_A,Phishing,UPI,27127,Zone_C,22,0,1
936,2025-06-29,Zone_H,UPI_Fraud,Credit_Card,53050,Zone_H,20,6,6
937,2025-10-09,Zone_B,UPI_Fraud,Wallet,45410,Zone_G,22,3,10
938,2025-11-16,Zone_G,Phishing,Wallet,90917,Zone_F,18,6,11
939,2025-08-14,Zone_A,Phishing,Debit_Card,58751,Zone_H,11,3,8
940,2025-11-11,Zone_A,UPI_Fraud,Debit_Card,35922,Zone_A,17,1,11
941,2025-12-31,Zone_H,Phishing,Credit_Card,12484,Zone_F,5,2,12
942,2025-08-17,Zone_C,Card_Fraud,UPI,89812,Zone_E,17,6,8
943,2025-10-16,Zone_F,Online_Shopping_Fraud,Wallet,61886,Zone_C,18,3,10
944,2025-05-30,Zone_D,Online_Shopping_Fraud,Credit_Card,83791,Zone_C,21,4,5
945,2025-10-04,Zone_B,Online_Shopping_Fraud,Net_Banking,7635,Zone_E,4,5,10
946,2025-07-17,Zone_A,Card_Fraud,Net_Banking,820,Zone_E,23,3,7
947,2025-03-11,Zone_B,Phishing,Credit_Card,94671,Zone_B,8,1,3
948,2025-04-22,Zone_F,Investment_Fraud,Wallet,22184,Zone_E,2,1,4
949,2025-01-04,Zone_D,Phishing,Credit_Card,56413,Zone_D,9,5,1
950,2025-12-16,Zone_F,UPI_Fraud,Wallet,89274,Zone_H,18,1,12
951,2025-11-27,Zone_D,Online_Shopping_Fraud,Debit_Card,22389,Zone_E,2,3,11
952,2025-11-14,Zone_E,Phishing,Credit_Card,96349,Zone_D,21,4,11
953,2025-12-16,Zone_D,Investment_Fraud,Wallet,98571,Zone_E,14,1,12
954,2025-04-05,Zone_H,UPI_Fraud,Credit_Card,49399,Zone_B,0,5,4
955,2025-06-01,Zone_C,Card_Fraud,Credit_Card,11270,Zone_D,6,6,6
956,2025-11-07,Zone_F,Card_Fraud,Wallet,39821,Zone_H,11,4,11
957,2025-05-17,Zone_A,Investment_Fraud,Wallet,86462,Zone_A,16,5,5
958,2025-09-04,Zone_H,UPI_Fraud,UPI,42277,Zone_D,20,3,9
959,2025-08-31,Zone_E,Online_Shopping_Fraud,Credit_Card,46750,Zone_G,23,6,8
960,2025-01-31,Zone_C,Phishing,Net_Banking,73534,Zone_B,19,4,1
961,2025-02-09,Zone_B,UPI_Fraud,Credit_Card,40630,Zone_F,4,6,2
962,2025-08-17,Zone_H,Card_Fraud,Credit_Card,82431,Zone_H,3,6,8
963,2025-02-05,Zone_F,Investment_Fraud,Wallet,49846,Zone_D,11,2,2
964,2025-08-11,Zone_G,Investment_Fraud,Credit_Card,3037,Zone_G,19,0,8
965,2025-01-06,Zone_G,Phishing,Credit_Card,85262,Zone_G,23,0,1
966,2025-11-18,Zone_A,Investment_Fraud,Net_Banking,15716,Zone_H,17,1,11
967,2025-08-08,Zone_D,Investment_Fraud,Wallet,84649,Zone_H,16,4,8
968,2025-03-16,Zone_A,UPI_Fraud,Credit_Card,3509,Zone_G,18,6,3
969,2025-01-04,Zone_G,Online_Shopping_Fraud,Debit_Card,90404,Zone_E,8,5,1
970,2025-12-01,Zone_B,Phishing,UPI,29827,Zone_G,3,0,12
971,2025-05-14,Zone_E,UPI_Fraud,Net_Banking,14709,Zone_E,20,2,5
972,2025-04-28,Zone_E,Online_Shopping_Fraud,Credit_Card,48943,Zone_F,1,0,4
973,2025-04-04,Zone_F,UPI_Fraud,Debit_Card,15529,Zone_B,3,4,4
974,2025-03-03,Zone_E,UPI_Fraud,Credit_Card,68113,Zone_C,1,0,3
975,2025-07-13,Zone_F,Investment_Fraud,Credit_Card,79943,Zone_E,14,6,7
976,2025-12-01,Zone_H,Online_Shopping_Fraud,Wallet,57497,Zone_G,1,0,12
977,2025-07-22,Zone_F,Phishing,Wallet,63059,Zone_G,3,1,7
978,2025-01-26,Zone_H,Phishing,Wallet,65392,Zone_A,5,6,1
979,2025-06-22,Zone_F,Online_Shopping_Fraud,Debit_Card,70909,Zone_G,6,6,6
980,2025-10-27,Zone_G,Investment_Fraud,Credit_Card,9135,Zone_B,9,0,10
981,2025-05-13,Zone_G,Card_Fraud,UPI,33565,Zone_D,18,1,5
982,2025-11-22,Zone_D,UPI_Fraud,Net_Banking,34283,Zone_D,18,5,11
983,2025-04-28,Zone_H,Investment_Fraud,Wallet,34652,Zone_G,21,0,4
984,2025-11-20,Zone_C,Online_Shopping_Fraud,Wallet,59241,Zone_A,11,3,11
985,2025-10-02,Zone_H,UPI_Fraud,Credit_Card,52002,Zone_E,2,3,10
986,2025-07-31,Zone_F,Phishing,Credit_Card,29592,Zone_B,12,3,7
987,2025-08-13,Zone_F,Card_Fraud,Debit_Card,18153,Zone_A,17,2,8
988,2025-01-20,Zone_C,Phishing,Debit_Card,98499,Zone_E,7,0,1
989,2025-04-23,Zone_A,Online_Shopping_Fraud,Wallet,40969,Zone_B,20,2,4
990,2025-05-20,Zone_F,UPI_Fraud,Credit_Card,86983,Zone_G,14,1,5
991,2025-02-16,Zone_D,Online_Shopping_Fraud,UPI,60254,Zone_D,0,6,2
992,2025-01-01,Zone_E,UPI_Fraud,Net_Banking,30478,Zone_B,2,2,1
993,2025-03-31,Zone_E,Investment_Fraud,Credit_Card,88092,Zone_G,7,0,3
994,2025-05-22,Zone_B,Card_Fraud,Credit_Card,95043,Zone_F,3,3,5
995,2025-11-16,Zone_B,Investment_Fraud,Debit_Card,43669,Zone_C,15,6,11
996,2025-02-07,Zone_E,Investment_Fraud,Net_Banking,48787,Zone_B,22,4,2
997,2025-10-20,Zone_E,Online_Shopping_Fraud,Wallet,55245,Zone_C,9,0,10
998,2025-05-19,Zone_G,Card_Fraud,Credit_Card,6043,Zone_B,11,0,5
999,2025-12-22,Zone_D,UPI_Fraud,Wallet,56892,Zone_C,13,0,12
1000,2025-11-29,Zone_C,UPI_Fraud,Credit_Card,21567,Zone_F,13,5,11
